==========================================================================================
  FLIGHT RECORDER (ЧЕРНЫЙ ЯЩИК) — ДЕТАЛИЗАЦИЯ ВСЕХ СДЕЛОК СТРАТЕГИИ BINANCE FUTURES
==========================================================================================

--------------------------------------------------------------------------------------------------------
ORDER #1 | SHORT | SIGNAL: 🔴 BEARISH_IMPULSE | RESULT: ❌ LOSS (-0.41%)
--------------------------------------------------------------------------------------------------------
1️⃣ КОНТЕКСТ РЫНКА ДО СИГНАЛА (ПРЕДИСТОРИЯ):
   [HIST -3h] 2026-06-26 13:00 | Close: 60153.3 | dPrice: +1.67% | dOI: +0.00% | VolRatio: 6.59x
   [HIST -2h] 2026-06-26 14:00 | Close: 59568.9 | dPrice: -0.97% | dOI: +0.00% | VolRatio: 3.87x
   [HIST -1h] 2026-06-26 15:00 | Close: 60296.6 | dPrice: +1.22% | dOI: +0.00% | VolRatio: 3.01x

2️⃣ ТОЧКА ВХОДА (ТОЧКА А) И СОСТОЯНИЕ ИНДИКАТОРОВ:
   • Время входа        : 2026-06-26 16:00
   • Входная цена (Close): 60017.8
   • Take Profit        : 59129.07 | Stop Loss: 60610.29 (Риск: 0.99%)
   • Сигнальная свеча   : dPrice = -0.46%, dOI = +0.50%, VolRatio = 2.39x (от медианы)
   • Положение к EMA50  : BELOW_EMA

3️⃣ РАЗВИТИЕ СИТУАЦИИ ВО ВРЕМЯ СДЕЛКИ (ПОСВЕЧНЫЙ МОНИТОРИНГ):
   [+ 1h] 2026-06-26 17:00 | Close: 60000.0 | High: 60276.5 | Low: 59921.4 | dPrice: -0.03% | dOI: +0.20% | VolRatio: 1.27x
   [+ 2h] 2026-06-26 18:00 | Close: 59648.9 | High: 60140.7 | Low: 59530.7 | dPrice: -0.59% | dOI: +0.11% | VolRatio: 1.06x
   [+ 3h] 2026-06-26 19:00 | Close: 59719.7 | High: 60077.8 | Low: 59586.3 | dPrice: +0.12% | dOI: -0.26% | VolRatio: 1.30x
   [+ 4h] 2026-06-26 20:00 | Close: 59694.7 | High: 59970.0 | Low: 59556.0 | dPrice: -0.04% | dOI: -0.54% | VolRatio: 0.89x
   [+ 5h] 2026-06-26 21:00 | Close: 59887.6 | High: 60028.0 | Low: 59649.2 | dPrice: +0.32% | dOI: -0.12% | VolRatio: 0.49x
   [+ 6h] 2026-06-26 22:00 | Close: 60007.5 | High: 60051.0 | Low: 59717.1 | dPrice: +0.20% | dOI: -0.13% | VolRatio: 0.57x
   [+ 7h] 2026-06-26 23:00 | Close: 60072.0 | High: 60090.8 | Low: 59871.9 | dPrice: +0.11% | dOI: -0.06% | VolRatio: 0.63x
   [+ 8h] 2026-06-27 00:00 | Close: 60033.4 | High: 60167.3 | Low: 59846.2 | dPrice: -0.06% | dOI: +0.01% | VolRatio: 0.66x
   [+ 9h] 2026-06-27 01:00 | Close: 59919.1 | High: 60046.9 | Low: 59904.8 | dPrice: -0.19% | dOI: +0.31% | VolRatio: 0.19x
   [+ 10h] 2026-06-27 02:00 | Close: 60256.6 | High: 60349.0 | Low: 59888.7 | dPrice: +0.56% | dOI: +0.07% | VolRatio: 0.91x
   [+ 11h] 2026-06-27 03:00 | Close: 60274.7 | High: 60387.8 | Low: 60134.5 | dPrice: +0.03% | dOI: +0.30% | VolRatio: 0.60x
   [+ 12h] 2026-06-27 04:00 | Close: 60215.9 | High: 60472.2 | Low: 60189.4 | dPrice: -0.10% | dOI: +0.27% | VolRatio: 0.63x

4️⃣ ЗАКРЫТИЕ ОРДЕРА (ТОЧКА Б):
   • Время выходя       : 2026-06-27 04:00 (продержали 12 часов)
   • Цена выхода        : 60215.9
   • Причина закрытия   : TIMEOUT
   • Чистый PnL         : -0.41% (с учетом комиссии)
--------------------------------------------------------------------------------------------------------


--------------------------------------------------------------------------------------------------------
ORDER #2 | SHORT | SIGNAL: 💥 LONG_LIQUIDATION | RESULT: ❌ LOSS (-0.58%)
--------------------------------------------------------------------------------------------------------
1️⃣ КОНТЕКСТ РЫНКА ДО СИГНАЛА (ПРЕДИСТОРИЯ):
   [HIST -3h] 2026-06-28 14:00 | Close: 59995.3 | dPrice: -0.08% | dOI: +0.38% | VolRatio: 0.55x
   [HIST -2h] 2026-06-28 15:00 | Close: 59849.9 | dPrice: -0.24% | dOI: +0.12% | VolRatio: 1.08x
   [HIST -1h] 2026-06-28 16:00 | Close: 59655.9 | dPrice: -0.32% | dOI: -0.08% | VolRatio: 1.39x

2️⃣ ТОЧКА ВХОДА (ТОЧКА А) И СОСТОЯНИЕ ИНДИКАТОРОВ:
   • Время входа        : 2026-06-28 17:00
   • Входная цена (Close): 59557.3
   • Take Profit        : 59110.62 | Stop Loss: 59855.09 (Риск: 0.5%)
   • Сигнальная свеча   : dPrice = -0.17%, dOI = -0.20%, VolRatio = 1.58x (от медианы)
   • Положение к EMA50  : BELOW_EMA

3️⃣ РАЗВИТИЕ СИТУАЦИИ ВО ВРЕМЯ СДЕЛКИ (ПОСВЕЧНЫЙ МОНИТОРИНГ):
   [+ 1h] 2026-06-28 18:00 | Close: 59580.7 | High: 59678.8 | Low: 59466.9 | dPrice: +0.04% | dOI: -0.63% | VolRatio: 0.60x
   [+ 2h] 2026-06-28 19:00 | Close: 59451.4 | High: 59658.2 | Low: 59224.6 | dPrice: -0.22% | dOI: -0.17% | VolRatio: 1.06x
   [+ 3h] 2026-06-28 20:00 | Close: 59634.0 | High: 59747.7 | Low: 59443.8 | dPrice: +0.31% | dOI: -0.06% | VolRatio: 0.79x
   [+ 4h] 2026-06-28 21:00 | Close: 59418.1 | High: 59773.8 | Low: 59300.0 | dPrice: -0.36% | dOI: -0.22% | VolRatio: 0.87x
   [+ 5h] 2026-06-28 22:00 | Close: 59040.1 | High: 59883.2 | Low: 58888.0 | dPrice: -0.64% | dOI: +0.10% | VolRatio: 2.56x

4️⃣ ЗАКРЫТИЕ ОРДЕРА (ТОЧКА Б):
   • Время выходя       : 2026-06-28 22:00 (продержали 5 часов)
   • Цена выхода        : 59855.0865
   • Причина закрытия   : STOP_LOSS
   • Чистый PnL         : -0.58% (с учетом комиссии)
--------------------------------------------------------------------------------------------------------


--------------------------------------------------------------------------------------------------------
ORDER #3 | LONG | SIGNAL: 🟢 BULLISH_IMPULSE | RESULT: ❌ LOSS (-1.23%)
--------------------------------------------------------------------------------------------------------
1️⃣ КОНТЕКСТ РЫНКА ДО СИГНАЛА (ПРЕДИСТОРИЯ):
   [HIST -3h] 2026-06-28 21:00 | Close: 59418.1 | dPrice: -0.36% | dOI: -0.22% | VolRatio: 0.87x
   [HIST -2h] 2026-06-28 22:00 | Close: 59040.1 | dPrice: -0.64% | dOI: +0.10% | VolRatio: 2.55x
   [HIST -1h] 2026-06-28 23:00 | Close: 59550.2 | dPrice: +0.86% | dOI: +0.61% | VolRatio: 1.44x

2️⃣ ТОЧКА ВХОДА (ТОЧКА А) И СОСТОЯНИЕ ИНДИКАТОРОВ:
   • Время входа        : 2026-06-29 00:00
   • Входная цена (Close): 59637.3
   • Take Profit        : 60670.18 | Stop Loss: 58948.71 (Риск: 1.15%)
   • Сигнальная свеча   : dPrice = +0.15%, dOI = +0.19%, VolRatio = 1.73x (от медианы)
   • Положение к EMA50  : BELOW_EMA

3️⃣ РАЗВИТИЕ СИТУАЦИИ ВО ВРЕМЯ СДЕЛКИ (ПОСВЕЧНЫЙ МОНИТОРИНГ):
   [+ 1h] 2026-06-29 01:00 | Close: 59413.0 | High: 59674.3 | Low: 59170.5 | dPrice: -0.38% | dOI: +0.33% | VolRatio: 0.94x
   [+ 2h] 2026-06-29 02:00 | Close: 59731.7 | High: 59788.0 | Low: 58850.0 | dPrice: +0.54% | dOI: +0.24% | VolRatio: 2.62x

4️⃣ ЗАКРЫТИЕ ОРДЕРА (ТОЧКА Б):
   • Время выходя       : 2026-06-29 02:00 (продержали 2 часов)
   • Цена выхода        : 58948.7109
   • Причина закрытия   : STOP_LOSS
   • Чистый PnL         : -1.23% (с учетом комиссии)
--------------------------------------------------------------------------------------------------------


--------------------------------------------------------------------------------------------------------
ORDER #4 | LONG | SIGNAL: 🟢 BULLISH_IMPULSE | RESULT: ❌ LOSS (-0.61%)
--------------------------------------------------------------------------------------------------------
1️⃣ КОНТЕКСТ РЫНКА ДО СИГНАЛА (ПРЕДИСТОРИЯ):
   [HIST -3h] 2026-06-29 00:00 | Close: 59637.3 | dPrice: +0.15% | dOI: +0.19% | VolRatio: 1.72x
   [HIST -2h] 2026-06-29 01:00 | Close: 59413.0 | dPrice: -0.38% | dOI: +0.33% | VolRatio: 0.94x
   [HIST -1h] 2026-06-29 02:00 | Close: 59731.7 | dPrice: +0.54% | dOI: +0.24% | VolRatio: 2.60x

2️⃣ ТОЧКА ВХОДА (ТОЧКА А) И СОСТОЯНИЕ ИНДИКАТОРОВ:
   • Время входа        : 2026-06-29 03:00
   • Входная цена (Close): 60019.8
   • Take Profit        : 60496.60 | Stop Loss: 59701.93 (Риск: 0.53%)
   • Сигнальная свеча   : dPrice = +0.48%, dOI = +0.67%, VolRatio = 1.85x (от медианы)
   • Положение к EMA50  : ABOVE_EMA

3️⃣ РАЗВИТИЕ СИТУАЦИИ ВО ВРЕМЯ СДЕЛКИ (ПОСВЕЧНЫЙ МОНИТОРИНГ):
   [+ 1h] 2026-06-29 04:00 | Close: 59806.2 | High: 60031.5 | Low: 59717.0 | dPrice: -0.36% | dOI: +0.42% | VolRatio: 0.51x
   [+ 2h] 2026-06-29 05:00 | Close: 60082.7 | High: 60088.0 | Low: 59360.3 | dPrice: +0.46% | dOI: +0.01% | VolRatio: 1.29x

4️⃣ ЗАКРЫТИЕ ОРДЕРА (ТОЧКА Б):
   • Время выходя       : 2026-06-29 05:00 (продержали 2 часов)
   • Цена выхода        : 59701.934100000006
   • Причина закрытия   : STOP_LOSS
   • Чистый PnL         : -0.61% (с учетом комиссии)
--------------------------------------------------------------------------------------------------------


--------------------------------------------------------------------------------------------------------
ORDER #5 | SHORT | SIGNAL: 🔴 BEARISH_IMPULSE | RESULT: ✅ PROFIT (+0.12%)
--------------------------------------------------------------------------------------------------------
1️⃣ КОНТЕКСТ РЫНКА ДО СИГНАЛА (ПРЕДИСТОРИЯ):
   [HIST -3h] 2026-06-29 09:00 | Close: 60031.3 | dPrice: +0.38% | dOI: -0.09% | VolRatio: 0.94x
   [HIST -2h] 2026-06-29 10:00 | Close: 60062.4 | dPrice: +0.05% | dOI: +0.01% | VolRatio: 1.02x
   [HIST -1h] 2026-06-29 11:00 | Close: 59927.2 | dPrice: -0.23% | dOI: +0.14% | VolRatio: 1.12x

2️⃣ ТОЧКА ВХОДА (ТОЧКА А) И СОСТОЯНИЕ ИНДИКАТОРОВ:
   • Время входа        : 2026-06-29 12:00
   • Входная цена (Close): 59923.5
   • Take Profit        : 58625.73 | Stop Loss: 60788.68 (Риск: 1.44%)
   • Сигнальная свеча   : dPrice = -0.01%, dOI = +0.01%, VolRatio = 6.45x (от медианы)
   • Положение к EMA50  : BELOW_EMA

3️⃣ РАЗВИТИЕ СИТУАЦИИ ВО ВРЕМЯ СДЕЛКИ (ПОСВЕЧНЫЙ МОНИТОРИНГ):
   [+ 1h] 2026-06-29 13:00 | Close: 59559.3 | High: 60313.0 | Low: 59302.8 | dPrice: -0.61% | dOI: -0.68% | VolRatio: 4.00x
   [+ 2h] 2026-06-29 14:00 | Close: 59444.0 | High: 59689.6 | Low: 58988.0 | dPrice: -0.19% | dOI: +0.44% | VolRatio: 4.12x
   [+ 3h] 2026-06-29 15:00 | Close: 59800.2 | High: 59939.2 | Low: 59067.6 | dPrice: +0.60% | dOI: -0.53% | VolRatio: 3.40x
   [+ 4h] 2026-06-29 16:00 | Close: 59870.9 | High: 59999.0 | Low: 59562.6 | dPrice: +0.12% | dOI: -2.18% | VolRatio: 1.21x
   [+ 5h] 2026-06-29 17:00 | Close: 60396.0 | High: 60666.6 | Low: 59870.9 | dPrice: +0.88% | dOI: -0.13% | VolRatio: 3.22x
   [+ 6h] 2026-06-29 18:00 | Close: 60275.4 | High: 60500.1 | Low: 60150.2 | dPrice: -0.20% | dOI: +1.50% | VolRatio: 1.28x
   [+ 7h] 2026-06-29 19:00 | Close: 60409.3 | High: 60540.0 | Low: 60127.4 | dPrice: +0.22% | dOI: +0.14% | VolRatio: 1.11x
   [+ 8h] 2026-06-29 20:00 | Close: 60271.2 | High: 60535.0 | Low: 60265.1 | dPrice: -0.23% | dOI: +0.14% | VolRatio: 0.91x
   [+ 9h] 2026-06-29 21:00 | Close: 60454.9 | High: 60565.6 | Low: 60232.1 | dPrice: +0.30% | dOI: -0.88% | VolRatio: 0.52x
   [+ 10h] 2026-06-29 22:00 | Close: 60326.5 | High: 60493.2 | Low: 60314.0 | dPrice: -0.21% | dOI: -0.33% | VolRatio: 0.38x
   [+ 11h] 2026-06-29 23:00 | Close: 60224.7 | High: 60353.9 | Low: 60134.0 | dPrice: -0.17% | dOI: -0.05% | VolRatio: 0.56x
   [+ 12h] 2026-06-30 00:00 | Close: 59806.1 | High: 60250.0 | Low: 59667.5 | dPrice: -0.70% | dOI: -0.01% | VolRatio: 1.68x

4️⃣ ЗАКРЫТИЕ ОРДЕРА (ТОЧКА Б):
   • Время выходя       : 2026-06-30 00:00 (продержали 12 часов)
   • Цена выхода        : 59806.1
   • Причина закрытия   : TIMEOUT
   • Чистый PnL         : +0.12% (с учетом комиссии)
--------------------------------------------------------------------------------------------------------


--------------------------------------------------------------------------------------------------------
ORDER #6 | SHORT | SIGNAL: 🔴 BEARISH_IMPULSE | RESULT: ✅ PROFIT (+0.67%)
--------------------------------------------------------------------------------------------------------
1️⃣ КОНТЕКСТ РЫНКА ДО СИГНАЛА (ПРЕДИСТОРИЯ):
   [HIST -3h] 2026-06-30 05:00 | Close: 59627.7 | dPrice: +0.28% | dOI: -0.06% | VolRatio: 1.30x
   [HIST -2h] 2026-06-30 06:00 | Close: 59571.7 | dPrice: -0.09% | dOI: +0.18% | VolRatio: 0.67x
   [HIST -1h] 2026-06-30 07:00 | Close: 59497.7 | dPrice: -0.12% | dOI: +0.00% | VolRatio: 0.69x

2️⃣ ТОЧКА ВХОДА (ТОЧКА А) И СОСТОЯНИЕ ИНДИКАТОРОВ:
   • Время входа        : 2026-06-30 08:00
   • Входная цена (Close): 59285.8
   • Take Profit        : 58841.16 | Stop Loss: 59582.23 (Риск: 0.5%)
   • Сигнальная свеча   : dPrice = -0.36%, dOI = +0.36%, VolRatio = 1.59x (от медианы)
   • Положение к EMA50  : BELOW_EMA

3️⃣ РАЗВИТИЕ СИТУАЦИИ ВО ВРЕМЯ СДЕЛКИ (ПОСВЕЧНЫЙ МОНИТОРИНГ):
   [+ 1h] 2026-06-30 09:00 | Close: 59348.7 | High: 59397.0 | Low: 59225.0 | dPrice: +0.11% | dOI: +0.56% | VolRatio: 0.75x
   [+ 2h] 2026-06-30 10:00 | Close: 59303.6 | High: 59403.0 | Low: 59264.5 | dPrice: -0.08% | dOI: +0.28% | VolRatio: 0.43x
   [+ 3h] 2026-06-30 11:00 | Close: 59162.3 | High: 59399.3 | Low: 59100.0 | dPrice: -0.24% | dOI: +0.12% | VolRatio: 1.12x
   [+ 4h] 2026-06-30 12:00 | Close: 58374.8 | High: 59162.3 | Low: 58351.0 | dPrice: -1.33% | dOI: +0.09% | VolRatio: 4.54x

4️⃣ ЗАКРЫТИЕ ОРДЕРА (ТОЧКА Б):
   • Время выходя       : 2026-06-30 12:00 (продержали 4 часов)
   • Цена выхода        : 58841.156500000005
   • Причина закрытия   : TAKE_PROFIT
   • Чистый PnL         : +0.67% (с учетом комиссии)
--------------------------------------------------------------------------------------------------------


--------------------------------------------------------------------------------------------------------
ORDER #7 | LONG | SIGNAL: 🟢 BULLISH_IMPULSE | RESULT: ❌ LOSS (-1.00%)
--------------------------------------------------------------------------------------------------------
1️⃣ КОНТЕКСТ РЫНКА ДО СИГНАЛА (ПРЕДИСТОРИЯ):
   [HIST -3h] 2026-06-30 10:00 | Close: 59303.6 | dPrice: -0.08% | dOI: +0.28% | VolRatio: 0.42x
   [HIST -2h] 2026-06-30 11:00 | Close: 59162.3 | dPrice: -0.24% | dOI: +0.12% | VolRatio: 1.11x
   [HIST -1h] 2026-06-30 12:00 | Close: 58374.8 | dPrice: -1.33% | dOI: +0.09% | VolRatio: 4.49x

2️⃣ ТОЧКА ВХОДА (ТОЧКА А) И СОСТОЯНИЕ ИНДИКАТОРОВ:
   • Время входа        : 2026-06-30 13:00
   • Входная цена (Close): 58711.9
   • Take Profit        : 59523.40 | Stop Loss: 58170.90 (Риск: 0.92%)
   • Сигнальная свеча   : dPrice = +0.58%, dOI = +0.52%, VolRatio = 4.63x (от медианы)
   • Положение к EMA50  : BELOW_EMA

3️⃣ РАЗВИТИЕ СИТУАЦИИ ВО ВРЕМЯ СДЕЛКИ (ПОСВЕЧНЫЙ МОНИТОРИНГ):
   [+ 1h] 2026-06-30 14:00 | Close: 58458.6 | High: 59264.4 | Low: 58400.1 | dPrice: -0.43% | dOI: +2.60% | VolRatio: 4.10x
   [+ 2h] 2026-06-30 15:00 | Close: 58356.2 | High: 58785.6 | Low: 58160.0 | dPrice: -0.18% | dOI: -0.59% | VolRatio: 3.23x

4️⃣ ЗАКРЫТИЕ ОРДЕРА (ТОЧКА Б):
   • Время выходя       : 2026-06-30 15:00 (продержали 2 часов)
   • Цена выхода        : 58170.9
   • Причина закрытия   : STOP_LOSS
   • Чистый PnL         : -1.00% (с учетом комиссии)
--------------------------------------------------------------------------------------------------------


--------------------------------------------------------------------------------------------------------
ORDER #8 | LONG | SIGNAL: 🟢 BULLISH_IMPULSE | RESULT: ✅ PROFIT (+1.15%)
--------------------------------------------------------------------------------------------------------
1️⃣ КОНТЕКСТ РЫНКА ДО СИГНАЛА (ПРЕДИСТОРИЯ):
   [HIST -3h] 2026-06-30 22:00 | Close: 58575.8 | dPrice: -0.06% | dOI: -0.12% | VolRatio: 0.36x
   [HIST -2h] 2026-06-30 23:00 | Close: 58605.4 | dPrice: +0.05% | dOI: -0.01% | VolRatio: 0.28x
   [HIST -1h] 2026-07-01 00:00 | Close: 58548.7 | dPrice: -0.10% | dOI: +0.05% | VolRatio: 0.98x

2️⃣ ТОЧКА ВХОДА (ТОЧКА А) И СОСТОЯНИЕ ИНДИКАТОРОВ:
   • Время входа        : 2026-07-01 01:00
   • Входная цена (Close): 58741.7
   • Take Profit        : 60259.67 | Stop Loss: 57729.72 (Риск: 1.72%)
   • Сигнальная свеча   : dPrice = +0.33%, dOI = +0.47%, VolRatio = 5.13x (от медианы)
   • Положение к EMA50  : BELOW_EMA

3️⃣ РАЗВИТИЕ СИТУАЦИИ ВО ВРЕМЯ СДЕЛКИ (ПОСВЕЧНЫЙ МОНИТОРИНГ):
   [+ 1h] 2026-07-01 02:00 | Close: 59063.3 | High: 59152.0 | Low: 58632.4 | dPrice: +0.55% | dOI: -1.51% | VolRatio: 2.13x
   [+ 2h] 2026-07-01 03:00 | Close: 59169.6 | High: 59298.4 | Low: 58823.9 | dPrice: +0.18% | dOI: +0.84% | VolRatio: 1.74x
   [+ 3h] 2026-07-01 04:00 | Close: 59311.2 | High: 59444.5 | Low: 59030.9 | dPrice: +0.24% | dOI: +0.30% | VolRatio: 1.06x
   [+ 4h] 2026-07-01 05:00 | Close: 59122.4 | High: 59350.0 | Low: 59085.0 | dPrice: -0.32% | dOI: -0.36% | VolRatio: 0.79x
   [+ 5h] 2026-07-01 06:00 | Close: 58726.8 | High: 59130.0 | Low: 58500.1 | dPrice: -0.67% | dOI: -0.31% | VolRatio: 2.45x
   [+ 6h] 2026-07-01 07:00 | Close: 58744.4 | High: 58797.6 | Low: 58567.2 | dPrice: +0.03% | dOI: -1.83% | VolRatio: 0.75x
   [+ 7h] 2026-07-01 08:00 | Close: 58950.8 | High: 58965.0 | Low: 58450.7 | dPrice: +0.35% | dOI: -0.26% | VolRatio: 1.13x
   [+ 8h] 2026-07-01 09:00 | Close: 58921.4 | High: 59069.7 | Low: 58792.8 | dPrice: -0.05% | dOI: -0.64% | VolRatio: 0.93x
   [+ 9h] 2026-07-01 10:00 | Close: 58631.6 | High: 58923.3 | Low: 58590.9 | dPrice: -0.49% | dOI: +0.21% | VolRatio: 0.66x
   [+ 10h] 2026-07-01 11:00 | Close: 58592.9 | High: 58733.5 | Low: 58524.2 | dPrice: -0.07% | dOI: -0.13% | VolRatio: 0.64x
   [+ 11h] 2026-07-01 12:00 | Close: 58495.6 | High: 58655.6 | Low: 58294.1 | dPrice: -0.17% | dOI: +0.02% | VolRatio: 1.53x
   [+ 12h] 2026-07-01 13:00 | Close: 59463.1 | High: 59486.7 | Low: 58495.5 | dPrice: +1.65% | dOI: +0.16% | VolRatio: 3.99x

4️⃣ ЗАКРЫТИЕ ОРДЕРА (ТОЧКА Б):
   • Время выходя       : 2026-07-01 13:00 (продержали 12 часов)
   • Цена выхода        : 59463.1
   • Причина закрытия   : TIMEOUT
   • Чистый PnL         : +1.15% (с учетом комиссии)
--------------------------------------------------------------------------------------------------------


--------------------------------------------------------------------------------------------------------
ORDER #9 | LONG | SIGNAL: 🟢 BULLISH_IMPULSE | RESULT: ✅ PROFIT (+0.71%)
--------------------------------------------------------------------------------------------------------
1️⃣ КОНТЕКСТ РЫНКА ДО СИГНАЛА (ПРЕДИСТОРИЯ):
   [HIST -3h] 2026-07-01 11:00 | Close: 58592.9 | dPrice: -0.07% | dOI: -0.13% | VolRatio: 0.64x
   [HIST -2h] 2026-07-01 12:00 | Close: 58495.6 | dPrice: -0.17% | dOI: +0.02% | VolRatio: 1.53x
   [HIST -1h] 2026-07-01 13:00 | Close: 59463.1 | dPrice: +1.65% | dOI: +0.16% | VolRatio: 3.99x

2️⃣ ТОЧКА ВХОДА (ТОЧКА А) И СОСТОЯНИЕ ИНДИКАТОРОВ:
   • Время входа        : 2026-07-01 14:00
   • Входная цена (Close): 59523.8
   • Take Profit        : 59994.08 | Stop Loss: 59210.28 (Риск: 0.53%)
   • Сигнальная свеча   : dPrice = +0.10%, dOI = +0.82%, VolRatio = 5.24x (от медианы)
   • Положение к EMA50  : ABOVE_EMA

3️⃣ РАЗВИТИЕ СИТУАЦИИ ВО ВРЕМЯ СДЕЛКИ (ПОСВЕЧНЫЙ МОНИТОРИНГ):
   [+ 1h] 2026-07-01 15:00 | Close: 60118.5 | High: 60520.0 | Low: 59496.9 | dPrice: +1.00% | dOI: +0.25% | VolRatio: 3.98x

4️⃣ ЗАКРЫТИЕ ОРДЕРА (ТОЧКА Б):
   • Время выходя       : 2026-07-01 15:00 (продержали 1 часов)
   • Цена выхода        : 59994.079925
   • Причина закрытия   : TAKE_PROFIT
   • Чистый PnL         : +0.71% (с учетом комиссии)
--------------------------------------------------------------------------------------------------------


--------------------------------------------------------------------------------------------------------
ORDER #10 | LONG | SIGNAL: ⚡ SHORT_SQUEEZE | RESULT: ❌ LOSS (-1.29%)
--------------------------------------------------------------------------------------------------------
1️⃣ КОНТЕКСТ РЫНКА ДО СИГНАЛА (ПРЕДИСТОРИЯ):
   [HIST -3h] 2026-07-01 18:00 | Close: 60141.5 | dPrice: -0.04% | dOI: +0.05% | VolRatio: 0.87x
   [HIST -2h] 2026-07-01 19:00 | Close: 60000.0 | dPrice: -0.24% | dOI: -0.23% | VolRatio: 0.92x
   [HIST -1h] 2026-07-01 20:00 | Close: 60100.3 | dPrice: +0.17% | dOI: -0.04% | VolRatio: 0.75x

2️⃣ ТОЧКА ВХОДА (ТОЧКА А) И СОСТОЯНИЕ ИНДИКАТОРОВ:
   • Время входа        : 2026-07-01 21:00
   • Входная цена (Close): 60799.9
   • Take Profit        : 61905.77 | Stop Loss: 60062.65 (Риск: 1.21%)
   • Сигнальная свеча   : dPrice = +1.16%, dOI = -0.32%, VolRatio = 2.86x (от медианы)
   • Положение к EMA50  : ABOVE_EMA

3️⃣ РАЗВИТИЕ СИТУАЦИИ ВО ВРЕМЯ СДЕЛКИ (ПОСВЕЧНЫЙ МОНИТОРИНГ):
   [+ 1h] 2026-07-01 22:00 | Close: 60446.3 | High: 61322.0 | Low: 60319.3 | dPrice: -0.58% | dOI: +0.54% | VolRatio: 4.22x
   [+ 2h] 2026-07-01 23:00 | Close: 59999.6 | High: 60446.3 | Low: 59949.2 | dPrice: -0.74% | dOI: -0.94% | VolRatio: 1.47x

4️⃣ ЗАКРЫТИЕ ОРДЕРА (ТОЧКА Б):
   • Время выходя       : 2026-07-01 23:00 (продержали 2 часов)
   • Цена выхода        : 60062.65365
   • Причина закрытия   : STOP_LOSS
   • Чистый PnL         : -1.29% (с учетом комиссии)
--------------------------------------------------------------------------------------------------------


--------------------------------------------------------------------------------------------------------
ORDER #11 | SHORT | SIGNAL: 💥 LONG_LIQUIDATION | RESULT: ❌ LOSS (-0.61%)
--------------------------------------------------------------------------------------------------------
1️⃣ КОНТЕКСТ РЫНКА ДО СИГНАЛА (ПРЕДИСТОРИЯ):
   [HIST -3h] 2026-07-01 21:00 | Close: 60799.9 | dPrice: +1.16% | dOI: -0.32% | VolRatio: 2.85x
   [HIST -2h] 2026-07-01 22:00 | Close: 60446.3 | dPrice: -0.58% | dOI: +0.54% | VolRatio: 4.22x
   [HIST -1h] 2026-07-01 23:00 | Close: 59999.6 | dPrice: -0.74% | dOI: -0.94% | VolRatio: 1.47x

2️⃣ ТОЧКА ВХОДА (ТОЧКА А) И СОСТОЯНИЕ ИНДИКАТОРОВ:
   • Время входа        : 2026-07-02 00:00
   • Входная цена (Close): 59719.7
   • Take Profit        : 59245.70 | Stop Loss: 60035.70 (Риск: 0.53%)
   • Сигнальная свеча   : dPrice = -0.47%, dOI = -0.55%, VolRatio = 1.95x (от медианы)
   • Положение к EMA50  : ABOVE_EMA

3️⃣ РАЗВИТИЕ СИТУАЦИИ ВО ВРЕМЯ СДЕЛКИ (ПОСВЕЧНЫЙ МОНИТОРИНГ):
   [+ 1h] 2026-07-02 01:00 | Close: 60150.0 | High: 60298.0 | Low: 59688.9 | dPrice: +0.72% | dOI: -0.03% | VolRatio: 1.57x

4️⃣ ЗАКРЫТИЕ ОРДЕРА (ТОЧКА Б):
   • Время выходя       : 2026-07-02 01:00 (продержали 1 часов)
   • Цена выхода        : 60035.70285
   • Причина закрытия   : STOP_LOSS
   • Чистый PnL         : -0.61% (с учетом комиссии)
--------------------------------------------------------------------------------------------------------


--------------------------------------------------------------------------------------------------------
ORDER #12 | LONG | SIGNAL: 🟢 BULLISH_IMPULSE | RESULT: ❌ LOSS (-1.40%)
--------------------------------------------------------------------------------------------------------
1️⃣ КОНТЕКСТ РЫНКА ДО СИГНАЛА (ПРЕДИСТОРИЯ):
   [HIST -3h] 2026-07-02 00:00 | Close: 59719.7 | dPrice: -0.47% | dOI: -0.55% | VolRatio: 1.95x
   [HIST -2h] 2026-07-02 01:00 | Close: 60150.0 | dPrice: +0.72% | dOI: -0.03% | VolRatio: 1.57x
   [HIST -1h] 2026-07-02 02:00 | Close: 60392.5 | dPrice: +0.40% | dOI: -0.03% | VolRatio: 0.96x

2️⃣ ТОЧКА ВХОДА (ТОЧКА А) И СОСТОЯНИЕ ИНДИКАТОРОВ:
   • Время входа        : 2026-07-02 03:00
   • Входная цена (Close): 61032.9
   • Take Profit        : 62238.79 | Stop Loss: 60228.97 (Риск: 1.32%)
   • Сигнальная свеча   : dPrice = +1.06%, dOI = +0.39%, VolRatio = 2.22x (от медианы)
   • Положение к EMA50  : ABOVE_EMA

3️⃣ РАЗВИТИЕ СИТУАЦИИ ВО ВРЕМЯ СДЕЛКИ (ПОСВЕЧНЫЙ МОНИТОРИНГ):
   [+ 1h] 2026-07-02 04:00 | Close: 60757.7 | High: 61033.0 | Low: 60703.1 | dPrice: -0.45% | dOI: +1.01% | VolRatio: 1.29x
   [+ 2h] 2026-07-02 05:00 | Close: 60479.9 | High: 60852.9 | Low: 60450.0 | dPrice: -0.46% | dOI: -0.01% | VolRatio: 1.60x
   [+ 3h] 2026-07-02 06:00 | Close: 60247.6 | High: 60623.5 | Low: 60232.6 | dPrice: -0.38% | dOI: +1.13% | VolRatio: 1.50x
   [+ 4h] 2026-07-02 07:00 | Close: 60125.8 | High: 60288.0 | Low: 60080.9 | dPrice: -0.20% | dOI: -1.16% | VolRatio: 1.66x

4️⃣ ЗАКРЫТИЕ ОРДЕРА (ТОЧКА Б):
   • Время выходя       : 2026-07-02 07:00 (продержали 4 часов)
   • Цена выхода        : 60228.97045
   • Причина закрытия   : STOP_LOSS
   • Чистый PnL         : -1.40% (с учетом комиссии)
--------------------------------------------------------------------------------------------------------


--------------------------------------------------------------------------------------------------------
ORDER #13 | LONG | SIGNAL: 🟢 BULLISH_IMPULSE | RESULT: ✅ PROFIT (+0.59%)
--------------------------------------------------------------------------------------------------------
1️⃣ КОНТЕКСТ РЫНКА ДО СИГНАЛА (ПРЕДИСТОРИЯ):
   [HIST -3h] 2026-07-02 06:00 | Close: 60247.6 | dPrice: -0.38% | dOI: +1.13% | VolRatio: 1.49x
   [HIST -2h] 2026-07-02 07:00 | Close: 60125.8 | dPrice: -0.20% | dOI: -1.16% | VolRatio: 1.64x
   [HIST -1h] 2026-07-02 08:00 | Close: 60486.8 | dPrice: +0.60% | dOI: +0.42% | VolRatio: 1.09x

2️⃣ ТОЧКА ВХОДА (ТОЧКА А) И СОСТОЯНИЕ ИНДИКАТОРОВ:
   • Время входа        : 2026-07-02 09:00
   • Входная цена (Close): 61159.6
   • Take Profit        : 62430.51 | Stop Loss: 60312.33 (Риск: 1.39%)
   • Сигнальная свеча   : dPrice = +1.11%, dOI = +0.47%, VolRatio = 4.50x (от медианы)
   • Положение к EMA50  : ABOVE_EMA

3️⃣ РАЗВИТИЕ СИТУАЦИИ ВО ВРЕМЯ СДЕЛКИ (ПОСВЕЧНЫЙ МОНИТОРИНГ):
   [+ 1h] 2026-07-02 10:00 | Close: 61238.5 | High: 61330.0 | Low: 61019.8 | dPrice: +0.13% | dOI: +2.23% | VolRatio: 1.63x
   [+ 2h] 2026-07-02 11:00 | Close: 61329.1 | High: 61367.3 | Low: 61100.0 | dPrice: +0.15% | dOI: -0.98% | VolRatio: 2.23x
   [+ 3h] 2026-07-02 12:00 | Close: 61507.4 | High: 61591.1 | Low: 61109.9 | dPrice: +0.29% | dOI: -1.82% | VolRatio: 3.18x
   [+ 4h] 2026-07-02 13:00 | Close: 61913.5 | High: 62077.3 | Low: 61472.0 | dPrice: +0.66% | dOI: +0.43% | VolRatio: 4.52x
   [+ 5h] 2026-07-02 14:00 | Close: 61669.8 | High: 62180.0 | Low: 61368.8 | dPrice: -0.39% | dOI: +0.64% | VolRatio: 3.23x
   [+ 6h] 2026-07-02 15:00 | Close: 61584.0 | High: 61844.4 | Low: 61400.0 | dPrice: -0.14% | dOI: +0.36% | VolRatio: 1.35x
   [+ 7h] 2026-07-02 16:00 | Close: 61646.8 | High: 61754.9 | Low: 61113.8 | dPrice: +0.10% | dOI: +0.10% | VolRatio: 2.44x
   [+ 8h] 2026-07-02 17:00 | Close: 61643.0 | High: 61900.0 | Low: 61592.8 | dPrice: -0.01% | dOI: +0.12% | VolRatio: 1.08x
   [+ 9h] 2026-07-02 18:00 | Close: 61733.5 | High: 61847.2 | Low: 61633.7 | dPrice: +0.15% | dOI: +0.58% | VolRatio: 0.54x
   [+ 10h] 2026-07-02 19:00 | Close: 61452.5 | High: 61739.7 | Low: 61388.1 | dPrice: -0.46% | dOI: -0.23% | VolRatio: 0.90x
   [+ 11h] 2026-07-02 20:00 | Close: 61555.4 | High: 61576.8 | Low: 61308.3 | dPrice: +0.17% | dOI: +0.18% | VolRatio: 0.72x
   [+ 12h] 2026-07-02 21:00 | Close: 61570.6 | High: 61634.3 | Low: 61500.0 | dPrice: +0.02% | dOI: +0.04% | VolRatio: 0.34x

4️⃣ ЗАКРЫТИЕ ОРДЕРА (ТОЧКА Б):
   • Время выходя       : 2026-07-02 21:00 (продержали 12 часов)
   • Цена выхода        : 61570.6
   • Причина закрытия   : TIMEOUT
   • Чистый PnL         : +0.59% (с учетом комиссии)
--------------------------------------------------------------------------------------------------------


--------------------------------------------------------------------------------------------------------
ORDER #14 | LONG | SIGNAL: ⚡ SHORT_SQUEEZE | RESULT: ✅ PROFIT (+1.18%)
--------------------------------------------------------------------------------------------------------
1️⃣ КОНТЕКСТ РЫНКА ДО СИГНАЛА (ПРЕДИСТОРИЯ):
   [HIST -3h] 2026-07-03 11:00 | Close: 61992.8 | dPrice: +0.17% | dOI: +0.24% | VolRatio: 1.07x
   [HIST -2h] 2026-07-03 12:00 | Close: 61952.5 | dPrice: -0.07% | dOI: +0.55% | VolRatio: 1.50x
   [HIST -1h] 2026-07-03 13:00 | Close: 62083.8 | dPrice: +0.21% | dOI: +0.93% | VolRatio: 1.08x

2️⃣ ТОЧКА ВХОДА (ТОЧКА А) И СОСТОЯНИЕ ИНДИКАТОРОВ:
   • Время входа        : 2026-07-03 14:00
   • Входная цена (Close): 62142.9
   • Take Profit        : 62923.99 | Stop Loss: 61622.17 (Риск: 0.84%)
   • Сигнальная свеча   : dPrice = +0.10%, dOI = -0.09%, VolRatio = 1.60x (от медианы)
   • Положение к EMA50  : ABOVE_EMA

3️⃣ РАЗВИТИЕ СИТУАЦИИ ВО ВРЕМЯ СДЕЛКИ (ПОСВЕЧНЫЙ МОНИТОРИНГ):
   [+ 1h] 2026-07-03 15:00 | Close: 61895.2 | High: 62386.7 | Low: 61778.1 | dPrice: -0.40% | dOI: -0.14% | VolRatio: 2.47x
   [+ 2h] 2026-07-03 16:00 | Close: 62081.9 | High: 62103.5 | Low: 61877.6 | dPrice: +0.30% | dOI: +0.01% | VolRatio: 0.74x
   [+ 3h] 2026-07-03 17:00 | Close: 62171.5 | High: 62266.8 | Low: 62036.0 | dPrice: +0.14% | dOI: -0.55% | VolRatio: 0.74x
   [+ 4h] 2026-07-03 18:00 | Close: 62180.2 | High: 62223.7 | Low: 62087.4 | dPrice: +0.01% | dOI: -0.44% | VolRatio: 0.47x
   [+ 5h] 2026-07-03 19:00 | Close: 62178.4 | High: 62292.4 | Low: 62120.1 | dPrice: -0.00% | dOI: -0.05% | VolRatio: 0.68x
   [+ 6h] 2026-07-03 20:00 | Close: 62759.3 | High: 62898.0 | Low: 62151.2 | dPrice: +0.93% | dOI: +0.26% | VolRatio: 3.84x
   [+ 7h] 2026-07-03 21:00 | Close: 62706.8 | High: 62957.2 | Low: 62488.8 | dPrice: -0.08% | dOI: -2.06% | VolRatio: 1.28x

4️⃣ ЗАКРЫТИЕ ОРДЕРА (ТОЧКА Б):
   • Время выходя       : 2026-07-03 21:00 (продержали 7 часов)
   • Цена выхода        : 62923.98974999999
   • Причина закрытия   : TAKE_PROFIT
   • Чистый PnL         : +1.18% (с учетом комиссии)
--------------------------------------------------------------------------------------------------------


--------------------------------------------------------------------------------------------------------
ORDER #15 | LONG | SIGNAL: 🟢 BULLISH_IMPULSE | RESULT: ✅ PROFIT (+0.67%)
--------------------------------------------------------------------------------------------------------
1️⃣ КОНТЕКСТ РЫНКА ДО СИГНАЛА (ПРЕДИСТОРИЯ):
   [HIST -3h] 2026-07-04 12:00 | Close: 62634.1 | dPrice: +0.28% | dOI: +0.02% | VolRatio: 0.34x
   [HIST -2h] 2026-07-04 13:00 | Close: 62563.0 | dPrice: -0.11% | dOI: +0.01% | VolRatio: 0.45x
   [HIST -1h] 2026-07-04 14:00 | Close: 62671.9 | dPrice: +0.17% | dOI: -0.07% | VolRatio: 0.35x

2️⃣ ТОЧКА ВХОДА (ТОЧКА А) И СОСТОЯНИЕ ИНДИКАТОРОВ:
   • Время входа        : 2026-07-04 15:00
   • Входная цена (Close): 62908.8
   • Take Profit        : 63380.62 | Stop Loss: 62594.26 (Риск: 0.5%)
   • Сигнальная свеча   : dPrice = +0.38%, dOI = +0.02%, VolRatio = 1.79x (от медианы)
   • Положение к EMA50  : ABOVE_EMA

3️⃣ РАЗВИТИЕ СИТУАЦИИ ВО ВРЕМЯ СДЕЛКИ (ПОСВЕЧНЫЙ МОНИТОРИНГ):
   [+ 1h] 2026-07-04 16:00 | Close: 62895.2 | High: 62943.0 | Low: 62752.9 | dPrice: -0.02% | dOI: +0.45% | VolRatio: 0.56x
   [+ 2h] 2026-07-04 17:00 | Close: 63245.6 | High: 63420.0 | Low: 62769.8 | dPrice: +0.56% | dOI: -0.21% | VolRatio: 1.89x

4️⃣ ЗАКРЫТИЕ ОРДЕРА (ТОЧКА Б):
   • Время выходя       : 2026-07-04 17:00 (продержали 2 часов)
   • Цена выхода        : 63380.61600000001
   • Причина закрытия   : TAKE_PROFIT
   • Чистый PnL         : +0.67% (с учетом комиссии)
--------------------------------------------------------------------------------------------------------


--------------------------------------------------------------------------------------------------------
ORDER #16 | LONG | SIGNAL: ⚡ SHORT_SQUEEZE | RESULT: ❌ LOSS (-1.29%)
--------------------------------------------------------------------------------------------------------
1️⃣ КОНТЕКСТ РЫНКА ДО СИГНАЛА (ПРЕДИСТОРИЯ):
   [HIST -3h] 2026-07-05 19:00 | Close: 62744.0 | dPrice: -0.07% | dOI: -0.05% | VolRatio: 0.26x
   [HIST -2h] 2026-07-05 20:00 | Close: 62704.7 | dPrice: -0.06% | dOI: +0.00% | VolRatio: 0.18x
   [HIST -1h] 2026-07-05 21:00 | Close: 63070.4 | dPrice: +0.58% | dOI: -0.03% | VolRatio: 1.28x

2️⃣ ТОЧКА ВХОДА (ТОЧКА А) И СОСТОЯНИЕ ИНДИКАТОРОВ:
   • Время входа        : 2026-07-05 22:00
   • Входная цена (Close): 63717.1
   • Take Profit        : 64875.53 | Stop Loss: 62944.81 (Риск: 1.21%)
   • Сигнальная свеча   : dPrice = +1.03%, dOI = -0.20%, VolRatio = 4.19x (от медианы)
   • Положение к EMA50  : ABOVE_EMA

3️⃣ РАЗВИТИЕ СИТУАЦИИ ВО ВРЕМЯ СДЕЛКИ (ПОСВЕЧНЫЙ МОНИТОРИНГ):
   [+ 1h] 2026-07-05 23:00 | Close: 63617.1 | High: 63990.7 | Low: 63542.8 | dPrice: -0.16% | dOI: +1.11% | VolRatio: 1.74x
   [+ 2h] 2026-07-06 00:00 | Close: 63728.4 | High: 63760.0 | Low: 63308.3 | dPrice: +0.17% | dOI: -0.41% | VolRatio: 1.57x
   [+ 3h] 2026-07-06 01:00 | Close: 63544.2 | High: 63900.0 | Low: 63520.0 | dPrice: -0.29% | dOI: -0.43% | VolRatio: 1.00x
   [+ 4h] 2026-07-06 02:00 | Close: 63425.1 | High: 63644.1 | Low: 63340.4 | dPrice: -0.19% | dOI: +0.26% | VolRatio: 1.02x
   [+ 5h] 2026-07-06 03:00 | Close: 63273.0 | High: 63478.4 | Low: 63101.2 | dPrice: -0.24% | dOI: -0.21% | VolRatio: 1.24x
   [+ 6h] 2026-07-06 04:00 | Close: 63242.9 | High: 63368.3 | Low: 63154.6 | dPrice: -0.05% | dOI: -0.37% | VolRatio: 0.56x
   [+ 7h] 2026-07-06 05:00 | Close: 63086.0 | High: 63242.8 | Low: 62912.6 | dPrice: -0.25% | dOI: -0.17% | VolRatio: 1.24x

4️⃣ ЗАКРЫТИЕ ОРДЕРА (ТОЧКА Б):
   • Время выходя       : 2026-07-06 05:00 (продержали 7 часов)
   • Цена выхода        : 62944.811850000006
   • Причина закрытия   : STOP_LOSS
   • Чистый PnL         : -1.29% (с учетом комиссии)
--------------------------------------------------------------------------------------------------------


--------------------------------------------------------------------------------------------------------
ORDER #17 | SHORT | SIGNAL: 💥 LONG_LIQUIDATION | RESULT: ✅ PROFIT (+1.24%)
--------------------------------------------------------------------------------------------------------
1️⃣ КОНТЕКСТ РЫНКА ДО СИГНАЛА (ПРЕДИСТОРИЯ):
   [HIST -3h] 2026-07-06 08:00 | Close: 62876.1 | dPrice: -0.30% | dOI: -0.23% | VolRatio: 1.07x
   [HIST -2h] 2026-07-06 09:00 | Close: 62646.6 | dPrice: -0.37% | dOI: +0.14% | VolRatio: 1.22x
   [HIST -1h] 2026-07-06 10:00 | Close: 62797.6 | dPrice: +0.24% | dOI: -0.23% | VolRatio: 1.12x

2️⃣ ТОЧКА ВХОДА (ТОЧКА А) И СОСТОЯНИЕ ИНДИКАТОРОВ:
   • Время входа        : 2026-07-06 11:00
   • Входная цена (Close): 62461.4
   • Take Profit        : 61637.17 | Stop Loss: 63010.89 (Риск: 0.88%)
   • Сигнальная свеча   : dPrice = -0.54%, dOI = -0.13%, VolRatio = 2.23x (от медианы)
   • Положение к EMA50  : BELOW_EMA

3️⃣ РАЗВИТИЕ СИТУАЦИИ ВО ВРЕМЯ СДЕЛКИ (ПОСВЕЧНЫЙ МОНИТОРИНГ):
   [+ 1h] 2026-07-06 12:00 | Close: 61733.6 | High: 62467.2 | Low: 61652.0 | dPrice: -1.17% | dOI: +1.99% | VolRatio: 7.13x
   [+ 2h] 2026-07-06 13:00 | Close: 61751.7 | High: 62023.8 | Low: 61297.0 | dPrice: +0.03% | dOI: -1.55% | VolRatio: 5.28x

4️⃣ ЗАКРЫТИЕ ОРДЕРА (ТОЧКА Б):
   • Время выходя       : 2026-07-06 13:00 (продержали 2 часов)
   • Цена выхода        : 61637.16545000001
   • Причина закрытия   : TAKE_PROFIT
   • Чистый PnL         : +1.24% (с учетом комиссии)
--------------------------------------------------------------------------------------------------------


--------------------------------------------------------------------------------------------------------
ORDER #18 | LONG | SIGNAL: 🟢 BULLISH_IMPULSE | RESULT: ✅ PROFIT (+0.82%)
--------------------------------------------------------------------------------------------------------
1️⃣ КОНТЕКСТ РЫНКА ДО СИГНАЛА (ПРЕДИСТОРИЯ):
   [HIST -3h] 2026-07-06 11:00 | Close: 62461.4 | dPrice: -0.54% | dOI: -0.13% | VolRatio: 2.23x
   [HIST -2h] 2026-07-06 12:00 | Close: 61733.6 | dPrice: -1.17% | dOI: +1.99% | VolRatio: 7.13x
   [HIST -1h] 2026-07-06 13:00 | Close: 61751.7 | dPrice: +0.03% | dOI: -1.55% | VolRatio: 5.28x

2️⃣ ТОЧКА ВХОДА (ТОЧКА А) И СОСТОЯНИЕ ИНДИКАТОРОВ:
   • Время входа        : 2026-07-06 14:00
   • Входная цена (Close): 62019.7
   • Take Profit        : 62576.41 | Stop Loss: 61648.56 (Риск: 0.6%)
   • Сигнальная свеча   : dPrice = +0.43%, dOI = +0.37%, VolRatio = 3.33x (от медианы)
   • Положение к EMA50  : BELOW_EMA

3️⃣ РАЗВИТИЕ СИТУАЦИИ ВО ВРЕМЯ СДЕЛКИ (ПОСВЕЧНЫЙ МОНИТОРИНГ):
   [+ 1h] 2026-07-06 15:00 | Close: 63523.1 | High: 63531.1 | Low: 62019.7 | dPrice: +2.42% | dOI: +0.30% | VolRatio: 5.89x

4️⃣ ЗАКРЫТИЕ ОРДЕРА (ТОЧКА Б):
   • Время выходя       : 2026-07-06 15:00 (продержали 1 часов)
   • Цена выхода        : 62576.40954999998
   • Причина закрытия   : TAKE_PROFIT
   • Чистый PnL         : +0.82% (с учетом комиссии)
--------------------------------------------------------------------------------------------------------


--------------------------------------------------------------------------------------------------------
ORDER #19 | LONG | SIGNAL: ⚡ SHORT_SQUEEZE | RESULT: ✅ PROFIT (+0.83%)
--------------------------------------------------------------------------------------------------------
1️⃣ КОНТЕКСТ РЫНКА ДО СИГНАЛА (ПРЕДИСТОРИЯ):
   [HIST -3h] 2026-07-06 13:00 | Close: 61751.7 | dPrice: +0.03% | dOI: -1.55% | VolRatio: 5.26x
   [HIST -2h] 2026-07-06 14:00 | Close: 62019.7 | dPrice: +0.43% | dOI: +0.37% | VolRatio: 3.32x
   [HIST -1h] 2026-07-06 15:00 | Close: 63523.1 | dPrice: +2.42% | dOI: +0.30% | VolRatio: 5.87x

2️⃣ ТОЧКА ВХОДА (ТОЧКА А) И СОСТОЯНИЕ ИНДИКАТОРОВ:
   • Время входа        : 2026-07-06 16:00
   • Входная цена (Close): 63710.4
   • Take Profit        : 64288.32 | Stop Loss: 63325.12 (Риск: 0.6%)
   • Сигнальная свеча   : dPrice = +0.29%, dOI = -1.43%, VolRatio = 4.32x (от медианы)
   • Положение к EMA50  : ABOVE_EMA

3️⃣ РАЗВИТИЕ СИТУАЦИИ ВО ВРЕМЯ СДЕЛКИ (ПОСВЕЧНЫЙ МОНИТОРИНГ):
   [+ 1h] 2026-07-06 17:00 | Close: 63565.2 | High: 63977.9 | Low: 63539.9 | dPrice: -0.23% | dOI: +0.89% | VolRatio: 2.32x
   [+ 2h] 2026-07-06 18:00 | Close: 63675.7 | High: 63867.5 | Low: 63532.8 | dPrice: +0.17% | dOI: +0.04% | VolRatio: 0.95x
   [+ 3h] 2026-07-06 19:00 | Close: 63709.8 | High: 63874.4 | Low: 63628.0 | dPrice: +0.05% | dOI: +0.05% | VolRatio: 0.71x
   [+ 4h] 2026-07-06 20:00 | Close: 63798.0 | High: 63868.0 | Low: 63560.0 | dPrice: +0.14% | dOI: +0.09% | VolRatio: 0.81x
   [+ 5h] 2026-07-06 21:00 | Close: 64475.9 | High: 64691.9 | Low: 63781.7 | dPrice: +1.06% | dOI: +0.00% | VolRatio: 3.65x

4️⃣ ЗАКРЫТИЕ ОРДЕРА (ТОЧКА Б):
   • Время выходя       : 2026-07-06 21:00 (продержали 5 часов)
   • Цена выхода        : 64288.317599999995
   • Причина закрытия   : TAKE_PROFIT
   • Чистый PnL         : +0.83% (с учетом комиссии)
--------------------------------------------------------------------------------------------------------


--------------------------------------------------------------------------------------------------------
ORDER #20 | SHORT | SIGNAL: 🔴 BEARISH_IMPULSE | RESULT: ❌ LOSS (-0.46%)
--------------------------------------------------------------------------------------------------------
1️⃣ КОНТЕКСТ РЫНКА ДО СИГНАЛА (ПРЕДИСТОРИЯ):
   [HIST -3h] 2026-07-06 23:00 | Close: 64023.6 | dPrice: -0.32% | dOI: -0.07% | VolRatio: 0.58x
   [HIST -2h] 2026-07-07 00:00 | Close: 64175.2 | dPrice: +0.24% | dOI: -0.09% | VolRatio: 0.92x
   [HIST -1h] 2026-07-07 01:00 | Close: 63815.0 | dPrice: -0.56% | dOI: +0.29% | VolRatio: 1.36x

2️⃣ ТОЧКА ВХОДА (ТОЧКА А) И СОСТОЯНИЕ ИНДИКАТОРОВ:
   • Время входа        : 2026-07-07 02:00
   • Входная цена (Close): 63298.2
   • Take Profit        : 62371.44 | Stop Loss: 63916.04 (Риск: 0.98%)
   • Сигнальная свеча   : dPrice = -0.81%, dOI = +0.22%, VolRatio = 2.45x (от медианы)
   • Положение к EMA50  : ABOVE_EMA

3️⃣ РАЗВИТИЕ СИТУАЦИИ ВО ВРЕМЯ СДЕЛКИ (ПОСВЕЧНЫЙ МОНИТОРИНГ):
   [+ 1h] 2026-07-07 03:00 | Close: 63165.0 | High: 63412.8 | Low: 63122.0 | dPrice: -0.21% | dOI: -0.08% | VolRatio: 1.31x
   [+ 2h] 2026-07-07 04:00 | Close: 63069.0 | High: 63266.7 | Low: 63030.7 | dPrice: -0.15% | dOI: -0.19% | VolRatio: 1.12x
   [+ 3h] 2026-07-07 05:00 | Close: 63092.5 | High: 63232.7 | Low: 62745.6 | dPrice: +0.04% | dOI: -0.37% | VolRatio: 2.07x
   [+ 4h] 2026-07-07 06:00 | Close: 63310.0 | High: 63373.3 | Low: 62954.4 | dPrice: +0.34% | dOI: -1.27% | VolRatio: 1.31x
   [+ 5h] 2026-07-07 07:00 | Close: 63062.6 | High: 63424.2 | Low: 63050.0 | dPrice: -0.39% | dOI: -0.09% | VolRatio: 1.08x
   [+ 6h] 2026-07-07 08:00 | Close: 63074.0 | High: 63165.7 | Low: 62958.4 | dPrice: +0.02% | dOI: -0.20% | VolRatio: 0.66x
   [+ 7h] 2026-07-07 09:00 | Close: 63226.9 | High: 63317.4 | Low: 63030.0 | dPrice: +0.24% | dOI: +0.39% | VolRatio: 0.81x
   [+ 8h] 2026-07-07 10:00 | Close: 63258.6 | High: 63432.8 | Low: 63185.4 | dPrice: +0.05% | dOI: +0.29% | VolRatio: 0.90x
   [+ 9h] 2026-07-07 11:00 | Close: 63377.7 | High: 63427.8 | Low: 63080.0 | dPrice: +0.19% | dOI: -0.12% | VolRatio: 0.95x
   [+ 10h] 2026-07-07 12:00 | Close: 63451.9 | High: 63868.0 | Low: 63365.7 | dPrice: +0.12% | dOI: -0.29% | VolRatio: 2.30x
   [+ 11h] 2026-07-07 13:00 | Close: 63033.2 | High: 63455.4 | Low: 62960.3 | dPrice: -0.66% | dOI: -0.91% | VolRatio: 2.75x
   [+ 12h] 2026-07-07 14:00 | Close: 63536.5 | High: 63617.8 | Low: 62638.0 | dPrice: +0.80% | dOI: +0.59% | VolRatio: 3.99x

4️⃣ ЗАКРЫТИЕ ОРДЕРА (ТОЧКА Б):
   • Время выходя       : 2026-07-07 14:00 (продержали 12 часов)
   • Цена выхода        : 63536.5
   • Причина закрытия   : TIMEOUT
   • Чистый PnL         : -0.46% (с учетом комиссии)
--------------------------------------------------------------------------------------------------------


--------------------------------------------------------------------------------------------------------
ORDER #21 | LONG | SIGNAL: ⚡ SHORT_SQUEEZE | RESULT: ❌ LOSS (-1.01%)
--------------------------------------------------------------------------------------------------------
1️⃣ КОНТЕКСТ РЫНКА ДО СИГНАЛА (ПРЕДИСТОРИЯ):
   [HIST -3h] 2026-07-07 12:00 | Close: 63451.9 | dPrice: +0.12% | dOI: -0.29% | VolRatio: 2.32x
   [HIST -2h] 2026-07-07 13:00 | Close: 63033.2 | dPrice: -0.66% | dOI: -0.91% | VolRatio: 2.78x
   [HIST -1h] 2026-07-07 14:00 | Close: 63536.5 | dPrice: +0.80% | dOI: +0.59% | VolRatio: 4.02x

2️⃣ ТОЧКА ВХОДА (ТОЧКА А) И СОСТОЯНИЕ ИНДИКАТОРОВ:
   • Время входа        : 2026-07-07 15:00
   • Входная цена (Close): 63910.0
   • Take Profit        : 64798.41 | Stop Loss: 63317.73 (Риск: 0.93%)
   • Сигнальная свеча   : dPrice = +0.59%, dOI = -0.59%, VolRatio = 3.25x (от медианы)
   • Положение к EMA50  : ABOVE_EMA

3️⃣ РАЗВИТИЕ СИТУАЦИИ ВО ВРЕМЯ СДЕЛКИ (ПОСВЕЧНЫЙ МОНИТОРИНГ):
   [+ 1h] 2026-07-07 16:00 | Close: 63962.4 | High: 64234.1 | Low: 63780.3 | dPrice: +0.08% | dOI: +0.39% | VolRatio: 1.74x
   [+ 2h] 2026-07-07 17:00 | Close: 64164.7 | High: 64211.0 | Low: 63868.2 | dPrice: +0.32% | dOI: +0.55% | VolRatio: 0.91x
   [+ 3h] 2026-07-07 18:00 | Close: 63653.8 | High: 64168.8 | Low: 63646.5 | dPrice: -0.80% | dOI: +0.03% | VolRatio: 1.39x
   [+ 4h] 2026-07-07 19:00 | Close: 63794.9 | High: 63873.2 | Low: 63351.4 | dPrice: +0.22% | dOI: -0.05% | VolRatio: 1.85x
   [+ 5h] 2026-07-07 20:00 | Close: 63668.3 | High: 63874.6 | Low: 63588.5 | dPrice: -0.20% | dOI: -0.85% | VolRatio: 0.59x
   [+ 6h] 2026-07-07 21:00 | Close: 63399.5 | High: 63839.9 | Low: 63264.0 | dPrice: -0.42% | dOI: -0.24% | VolRatio: 1.19x

4️⃣ ЗАКРЫТИЕ ОРДЕРА (ТОЧКА Б):
   • Время выходя       : 2026-07-07 21:00 (продержали 6 часов)
   • Цена выхода        : 63317.725300000006
   • Причина закрытия   : STOP_LOSS
   • Чистый PnL         : -1.01% (с учетом комиссии)
--------------------------------------------------------------------------------------------------------


--------------------------------------------------------------------------------------------------------
ORDER #22 | SHORT | SIGNAL: 💥 LONG_LIQUIDATION | RESULT: ✅ PROFIT (+1.47%)
--------------------------------------------------------------------------------------------------------
1️⃣ КОНТЕКСТ РЫНКА ДО СИГНАЛА (ПРЕДИСТОРИЯ):
   [HIST -3h] 2026-07-07 22:00 | Close: 63514.9 | dPrice: +0.18% | dOI: -0.30% | VolRatio: 0.82x
   [HIST -2h] 2026-07-07 23:00 | Close: 63335.4 | dPrice: -0.28% | dOI: -0.29% | VolRatio: 0.48x
   [HIST -1h] 2026-07-08 00:00 | Close: 63585.9 | dPrice: +0.40% | dOI: -0.12% | VolRatio: 0.73x

2️⃣ ТОЧКА ВХОДА (ТОЧКА А) И СОСТОЯНИЕ ИНДИКАТОРОВ:
   • Время входа        : 2026-07-08 01:00
   • Входная цена (Close): 63003.7
   • Take Profit        : 62025.53 | Stop Loss: 63655.81 (Риск: 1.04%)
   • Сигнальная свеча   : dPrice = -0.92%, dOI = -0.09%, VolRatio = 1.67x (от медианы)
   • Положение к EMA50  : BELOW_EMA

3️⃣ РАЗВИТИЕ СИТУАЦИИ ВО ВРЕМЯ СДЕЛКИ (ПОСВЕЧНЫЙ МОНИТОРИНГ):
   [+ 1h] 2026-07-08 02:00 | Close: 62951.3 | High: 63037.1 | Low: 62466.9 | dPrice: -0.08% | dOI: +0.06% | VolRatio: 2.68x
   [+ 2h] 2026-07-08 03:00 | Close: 62741.0 | High: 63067.9 | Low: 62666.0 | dPrice: -0.33% | dOI: +0.49% | VolRatio: 0.86x
   [+ 3h] 2026-07-08 04:00 | Close: 62767.3 | High: 62873.3 | Low: 62643.6 | dPrice: +0.04% | dOI: -0.21% | VolRatio: 0.66x
   [+ 4h] 2026-07-08 05:00 | Close: 62613.8 | High: 62851.2 | Low: 62520.4 | dPrice: -0.24% | dOI: +0.00% | VolRatio: 0.83x
   [+ 5h] 2026-07-08 06:00 | Close: 62628.5 | High: 62718.2 | Low: 62434.9 | dPrice: +0.02% | dOI: -0.09% | VolRatio: 1.05x
   [+ 6h] 2026-07-08 07:00 | Close: 62854.1 | High: 62867.7 | Low: 62519.3 | dPrice: +0.36% | dOI: +0.03% | VolRatio: 1.16x
   [+ 7h] 2026-07-08 08:00 | Close: 61989.8 | High: 62921.8 | Low: 61821.0 | dPrice: -1.38% | dOI: -0.30% | VolRatio: 4.97x

4️⃣ ЗАКРЫТИЕ ОРДЕРА (ТОЧКА Б):
   • Время выходя       : 2026-07-08 08:00 (продержали 7 часов)
   • Цена выхода        : 62025.53199999999
   • Причина закрытия   : TAKE_PROFIT
   • Чистый PnL         : +1.47% (с учетом комиссии)
--------------------------------------------------------------------------------------------------------


--------------------------------------------------------------------------------------------------------
ORDER #23 | LONG | SIGNAL: 🟢 BULLISH_IMPULSE | RESULT: ❌ LOSS (-0.65%)
--------------------------------------------------------------------------------------------------------
1️⃣ КОНТЕКСТ РЫНКА ДО СИГНАЛА (ПРЕДИСТОРИЯ):
   [HIST -3h] 2026-07-08 06:00 | Close: 62628.5 | dPrice: +0.02% | dOI: -0.09% | VolRatio: 1.05x
   [HIST -2h] 2026-07-08 07:00 | Close: 62854.1 | dPrice: +0.36% | dOI: +0.03% | VolRatio: 1.16x
   [HIST -1h] 2026-07-08 08:00 | Close: 61989.8 | dPrice: -1.38% | dOI: -0.30% | VolRatio: 4.97x

2️⃣ ТОЧКА ВХОДА (ТОЧКА А) И СОСТОЯНИЕ ИНДИКАТОРОВ:
   • Время входа        : 2026-07-08 09:00
   • Входная цена (Close): 62031.7
   • Take Profit        : 62563.23 | Stop Loss: 61677.35 (Риск: 0.57%)
   • Сигнальная свеча   : dPrice = +0.07%, dOI = +0.35%, VolRatio = 2.35x (от медианы)
   • Положение к EMA50  : BELOW_EMA

3️⃣ РАЗВИТИЕ СИТУАЦИИ ВО ВРЕМЯ СДЕЛКИ (ПОСВЕЧНЫЙ МОНИТОРИНГ):
   [+ 1h] 2026-07-08 10:00 | Close: 62149.8 | High: 62164.7 | Low: 61876.0 | dPrice: +0.19% | dOI: +0.46% | VolRatio: 1.04x
   [+ 2h] 2026-07-08 11:00 | Close: 62270.0 | High: 62366.0 | Low: 62025.2 | dPrice: +0.19% | dOI: +0.36% | VolRatio: 1.11x
   [+ 3h] 2026-07-08 12:00 | Close: 61933.9 | High: 62394.1 | Low: 61933.0 | dPrice: -0.54% | dOI: -0.04% | VolRatio: 1.23x
   [+ 4h] 2026-07-08 13:00 | Close: 61923.0 | High: 62073.6 | Low: 61615.0 | dPrice: -0.02% | dOI: +0.03% | VolRatio: 2.58x

4️⃣ ЗАКРЫТИЕ ОРДЕРА (ТОЧКА Б):
   • Время выходя       : 2026-07-08 13:00 (продержали 4 часов)
   • Цена выхода        : 61677.3459
   • Причина закрытия   : STOP_LOSS
   • Чистый PnL         : -0.65% (с учетом комиссии)
--------------------------------------------------------------------------------------------------------


--------------------------------------------------------------------------------------------------------
ORDER #24 | SHORT | SIGNAL: 🔴 BEARISH_IMPULSE | RESULT: ❌ LOSS (-0.59%)
--------------------------------------------------------------------------------------------------------
1️⃣ КОНТЕКСТ РЫНКА ДО СИГНАЛА (ПРЕДИСТОРИЯ):
   [HIST -3h] 2026-07-08 11:00 | Close: 62270.0 | dPrice: +0.19% | dOI: +0.36% | VolRatio: 1.11x
   [HIST -2h] 2026-07-08 12:00 | Close: 61933.9 | dPrice: -0.54% | dOI: -0.04% | VolRatio: 1.23x
   [HIST -1h] 2026-07-08 13:00 | Close: 61923.0 | dPrice: -0.02% | dOI: +0.03% | VolRatio: 2.58x

2️⃣ ТОЧКА ВХОДА (ТОЧКА А) И СОСТОЯНИЕ ИНДИКАТОРОВ:
   • Время входа        : 2026-07-08 14:00
   • Входная цена (Close): 61865.5
   • Take Profit        : 61389.29 | Stop Loss: 62182.98 (Риск: 0.51%)
   • Сигнальная свеча   : dPrice = -0.09%, dOI = +0.57%, VolRatio = 2.24x (от медианы)
   • Положение к EMA50  : BELOW_EMA

3️⃣ РАЗВИТИЕ СИТУАЦИИ ВО ВРЕМЯ СДЕЛКИ (ПОСВЕЧНЫЙ МОНИТОРИНГ):
   [+ 1h] 2026-07-08 15:00 | Close: 61674.5 | High: 61900.5 | Low: 61520.0 | dPrice: -0.31% | dOI: +0.44% | VolRatio: 2.00x
   [+ 2h] 2026-07-08 16:00 | Close: 62086.4 | High: 62129.8 | Low: 61666.0 | dPrice: +0.67% | dOI: +0.23% | VolRatio: 1.46x
   [+ 3h] 2026-07-08 17:00 | Close: 62086.5 | High: 62372.7 | Low: 62005.2 | dPrice: +0.00% | dOI: +0.28% | VolRatio: 1.42x

4️⃣ ЗАКРЫТИЕ ОРДЕРА (ТОЧКА Б):
   • Время выходя       : 2026-07-08 17:00 (продержали 3 часов)
   • Цена выхода        : 62182.97595
   • Причина закрытия   : STOP_LOSS
   • Чистый PnL         : -0.59% (с учетом комиссии)
--------------------------------------------------------------------------------------------------------


--------------------------------------------------------------------------------------------------------
ORDER #25 | SHORT | SIGNAL: 🔴 BEARISH_IMPULSE | RESULT: ❌ LOSS (-1.32%)
--------------------------------------------------------------------------------------------------------
1️⃣ КОНТЕКСТ РЫНКА ДО СИГНАЛА (ПРЕДИСТОРИЯ):
   [HIST -3h] 2026-07-08 22:00 | Close: 62303.5 | dPrice: +0.23% | dOI: -0.20% | VolRatio: 0.47x
   [HIST -2h] 2026-07-08 23:00 | Close: 62255.3 | dPrice: -0.08% | dOI: -0.15% | VolRatio: 0.40x
   [HIST -1h] 2026-07-09 00:00 | Close: 62101.8 | dPrice: -0.25% | dOI: -0.19% | VolRatio: 0.63x

2️⃣ ТОЧКА ВХОДА (ТОЧКА А) И СОСТОЯНИЕ ИНДИКАТОРОВ:
   • Время входа        : 2026-07-09 01:00
   • Входная цена (Close): 61882.2
   • Take Profit        : 60728.23 | Stop Loss: 62651.51 (Риск: 1.24%)
   • Сигнальная свеча   : dPrice = -0.35%, dOI = +0.11%, VolRatio = 2.17x (от медианы)
   • Положение к EMA50  : BELOW_EMA

3️⃣ РАЗВИТИЕ СИТУАЦИИ ВО ВРЕМЯ СДЕЛКИ (ПОСВЕЧНЫЙ МОНИТОРИНГ):
   [+ 1h] 2026-07-09 02:00 | Close: 61753.7 | High: 62098.0 | Low: 61666.0 | dPrice: -0.21% | dOI: -0.63% | VolRatio: 1.04x
   [+ 2h] 2026-07-09 03:00 | Close: 61943.1 | High: 62042.7 | Low: 61693.1 | dPrice: +0.31% | dOI: +0.34% | VolRatio: 0.71x
   [+ 3h] 2026-07-09 04:00 | Close: 62420.4 | High: 62427.7 | Low: 61929.0 | dPrice: +0.77% | dOI: -0.06% | VolRatio: 1.08x
   [+ 4h] 2026-07-09 05:00 | Close: 62565.8 | High: 62599.6 | Low: 62204.9 | dPrice: +0.23% | dOI: +0.10% | VolRatio: 1.62x
   [+ 5h] 2026-07-09 06:00 | Close: 62934.0 | High: 62958.0 | Low: 62452.1 | dPrice: +0.59% | dOI: -0.01% | VolRatio: 2.25x

4️⃣ ЗАКРЫТИЕ ОРДЕРА (ТОЧКА Б):
   • Время выходя       : 2026-07-09 06:00 (продержали 5 часов)
   • Цена выхода        : 62651.5101
   • Причина закрытия   : STOP_LOSS
   • Чистый PnL         : -1.32% (с учетом комиссии)
--------------------------------------------------------------------------------------------------------


--------------------------------------------------------------------------------------------------------
ORDER #26 | LONG | SIGNAL: ⚡ SHORT_SQUEEZE | RESULT: ❌ LOSS (-0.58%)
--------------------------------------------------------------------------------------------------------
1️⃣ КОНТЕКСТ РЫНКА ДО СИГНАЛА (ПРЕДИСТОРИЯ):
   [HIST -3h] 2026-07-09 04:00 | Close: 62420.4 | dPrice: +0.77% | dOI: -0.06% | VolRatio: 1.07x
   [HIST -2h] 2026-07-09 05:00 | Close: 62565.8 | dPrice: +0.23% | dOI: +0.10% | VolRatio: 1.61x
   [HIST -1h] 2026-07-09 06:00 | Close: 62934.0 | dPrice: +0.59% | dOI: -0.01% | VolRatio: 2.23x

2️⃣ ТОЧКА ВХОДА (ТОЧКА А) И СОСТОЯНИЕ ИНДИКАТОРОВ:
   • Время входа        : 2026-07-09 07:00
   • Входная цена (Close): 62973.7
   • Take Profit        : 63446.00 | Stop Loss: 62658.83 (Риск: 0.5%)
   • Сигнальная свеча   : dPrice = +0.06%, dOI = -0.86%, VolRatio = 2.48x (от медианы)
   • Положение к EMA50  : ABOVE_EMA

3️⃣ РАЗВИТИЕ СИТУАЦИИ ВО ВРЕМЯ СДЕЛКИ (ПОСВЕЧНЫЙ МОНИТОРИНГ):
   [+ 1h] 2026-07-09 08:00 | Close: 62872.6 | High: 63083.9 | Low: 62822.8 | dPrice: -0.16% | dOI: -0.08% | VolRatio: 0.91x
   [+ 2h] 2026-07-09 09:00 | Close: 62925.0 | High: 62980.4 | Low: 62753.1 | dPrice: +0.08% | dOI: +0.05% | VolRatio: 0.75x
   [+ 3h] 2026-07-09 10:00 | Close: 62757.2 | High: 63030.5 | Low: 62653.8 | dPrice: -0.27% | dOI: +0.09% | VolRatio: 0.77x

4️⃣ ЗАКРЫТИЕ ОРДЕРА (ТОЧКА Б):
   • Время выходя       : 2026-07-09 10:00 (продержали 3 часов)
   • Цена выхода        : 62658.8315
   • Причина закрытия   : STOP_LOSS
   • Чистый PnL         : -0.58% (с учетом комиссии)
--------------------------------------------------------------------------------------------------------


--------------------------------------------------------------------------------------------------------
ORDER #27 | SHORT | SIGNAL: 🔴 BEARISH_IMPULSE | RESULT: ❌ LOSS (-0.69%)
--------------------------------------------------------------------------------------------------------
1️⃣ КОНТЕКСТ РЫНКА ДО СИГНАЛА (ПРЕДИСТОРИЯ):
   [HIST -3h] 2026-07-09 09:00 | Close: 62925.0 | dPrice: +0.08% | dOI: +0.05% | VolRatio: 0.76x
   [HIST -2h] 2026-07-09 10:00 | Close: 62757.2 | dPrice: -0.27% | dOI: +0.09% | VolRatio: 0.78x
   [HIST -1h] 2026-07-09 11:00 | Close: 62756.0 | dPrice: -0.00% | dOI: -0.18% | VolRatio: 1.07x

2️⃣ ТОЧКА ВХОДА (ТОЧКА А) И СОСТОЯНИЕ ИНДИКАТОРОВ:
   • Время входа        : 2026-07-09 12:00
   • Входная цена (Close): 62583.3
   • Take Profit        : 62009.60 | Stop Loss: 62965.77 (Риск: 0.61%)
   • Сигнальная свеча   : dPrice = -0.28%, dOI = +0.16%, VolRatio = 4.07x (от медианы)
   • Положение к EMA50  : BELOW_EMA

3️⃣ РАЗВИТИЕ СИТУАЦИИ ВО ВРЕМЯ СДЕЛКИ (ПОСВЕЧНЫЙ МОНИТОРИНГ):
   [+ 1h] 2026-07-09 13:00 | Close: 62999.9 | High: 63215.0 | Low: 62490.2 | dPrice: +0.67% | dOI: -0.59% | VolRatio: 1.98x

4️⃣ ЗАКРЫТИЕ ОРДЕРА (ТОЧКА Б):
   • Время выходя       : 2026-07-09 13:00 (продержали 1 часов)
   • Цена выхода        : 62965.76714999999
   • Причина закрытия   : STOP_LOSS
   • Чистый PnL         : -0.69% (с учетом комиссии)
--------------------------------------------------------------------------------------------------------


--------------------------------------------------------------------------------------------------------
ORDER #28 | LONG | SIGNAL: 🟢 BULLISH_IMPULSE | RESULT: ✅ PROFIT (+0.67%)
--------------------------------------------------------------------------------------------------------
1️⃣ КОНТЕКСТ РЫНКА ДО СИГНАЛА (ПРЕДИСТОРИЯ):
   [HIST -3h] 2026-07-09 15:00 | Close: 62835.4 | dPrice: -0.23% | dOI: -0.38% | VolRatio: 1.45x
   [HIST -2h] 2026-07-09 16:00 | Close: 62670.7 | dPrice: -0.26% | dOI: -0.00% | VolRatio: 1.11x
   [HIST -1h] 2026-07-09 17:00 | Close: 63114.7 | dPrice: +0.71% | dOI: +0.10% | VolRatio: 1.15x

2️⃣ ТОЧКА ВХОДА (ТОЧКА А) И СОСТОЯНИЕ ИНДИКАТОРОВ:
   • Время входа        : 2026-07-09 18:00
   • Входная цена (Close): 63199.8
   • Take Profit        : 63673.80 | Stop Loss: 62883.80 (Риск: 0.5%)
   • Сигнальная свеча   : dPrice = +0.13%, dOI = +0.97%, VolRatio = 2.10x (от медианы)
   • Положение к EMA50  : ABOVE_EMA

3️⃣ РАЗВИТИЕ СИТУАЦИИ ВО ВРЕМЯ СДЕЛКИ (ПОСВЕЧНЫЙ МОНИТОРИНГ):
   [+ 1h] 2026-07-09 19:00 | Close: 63222.9 | High: 63365.0 | Low: 63130.0 | dPrice: +0.04% | dOI: -0.09% | VolRatio: 0.62x
   [+ 2h] 2026-07-09 20:00 | Close: 63288.7 | High: 63300.0 | Low: 63148.1 | dPrice: +0.10% | dOI: +0.30% | VolRatio: 0.39x
   [+ 3h] 2026-07-09 21:00 | Close: 63248.9 | High: 63371.7 | Low: 63162.7 | dPrice: -0.06% | dOI: -0.09% | VolRatio: 0.39x
   [+ 4h] 2026-07-09 22:00 | Close: 63186.1 | High: 63395.9 | Low: 63180.9 | dPrice: -0.10% | dOI: -0.30% | VolRatio: 0.57x
   [+ 5h] 2026-07-09 23:00 | Close: 63197.0 | High: 63299.9 | Low: 63032.2 | dPrice: +0.02% | dOI: +0.36% | VolRatio: 0.67x
   [+ 6h] 2026-07-10 00:00 | Close: 63085.3 | High: 63239.2 | Low: 62897.0 | dPrice: -0.18% | dOI: -0.15% | VolRatio: 1.04x
   [+ 7h] 2026-07-10 01:00 | Close: 63726.6 | High: 63938.8 | Low: 62931.7 | dPrice: +1.02% | dOI: -0.10% | VolRatio: 2.50x

4️⃣ ЗАКРЫТИЕ ОРДЕРА (ТОЧКА Б):
   • Время выходя       : 2026-07-10 01:00 (продержали 7 часов)
   • Цена выхода        : 63673.798500000004
   • Причина закрытия   : TAKE_PROFIT
   • Чистый PnL         : +0.67% (с учетом комиссии)
--------------------------------------------------------------------------------------------------------


--------------------------------------------------------------------------------------------------------
ORDER #29 | LONG | SIGNAL: 🟢 BULLISH_IMPULSE | RESULT: ✅ PROFIT (+0.67%)
--------------------------------------------------------------------------------------------------------
1️⃣ КОНТЕКСТ РЫНКА ДО СИГНАЛА (ПРЕДИСТОРИЯ):
   [HIST -3h] 2026-07-09 23:00 | Close: 63197.0 | dPrice: +0.02% | dOI: +0.36% | VolRatio: 0.67x
   [HIST -2h] 2026-07-10 00:00 | Close: 63085.3 | dPrice: -0.18% | dOI: -0.15% | VolRatio: 1.04x
   [HIST -1h] 2026-07-10 01:00 | Close: 63726.6 | dPrice: +1.02% | dOI: -0.10% | VolRatio: 2.50x

2️⃣ ТОЧКА ВХОДА (ТОЧКА А) И СОСТОЯНИЕ ИНДИКАТОРОВ:
   • Время входа        : 2026-07-10 02:00
   • Входная цена (Close): 63935.0
   • Take Profit        : 64414.51 | Stop Loss: 63615.32 (Риск: 0.5%)
   • Сигнальная свеча   : dPrice = +0.33%, dOI = +0.20%, VolRatio = 1.59x (от медианы)
   • Положение к EMA50  : ABOVE_EMA

3️⃣ РАЗВИТИЕ СИТУАЦИИ ВО ВРЕМЯ СДЕЛКИ (ПОСВЕЧНЫЙ МОНИТОРИНГ):
   [+ 1h] 2026-07-10 03:00 | Close: 63917.2 | High: 64019.7 | Low: 63789.0 | dPrice: -0.03% | dOI: +0.49% | VolRatio: 0.85x
   [+ 2h] 2026-07-10 04:00 | Close: 64019.3 | High: 64168.0 | Low: 63826.4 | dPrice: +0.16% | dOI: +0.44% | VolRatio: 1.27x
   [+ 3h] 2026-07-10 05:00 | Close: 64090.0 | High: 64185.0 | Low: 63915.0 | dPrice: +0.11% | dOI: +0.18% | VolRatio: 0.88x
   [+ 4h] 2026-07-10 06:00 | Close: 63832.8 | High: 64138.7 | Low: 63804.4 | dPrice: -0.40% | dOI: +0.04% | VolRatio: 0.98x
   [+ 5h] 2026-07-10 07:00 | Close: 63956.1 | High: 63980.0 | Low: 63765.5 | dPrice: +0.19% | dOI: +0.10% | VolRatio: 0.99x
   [+ 6h] 2026-07-10 08:00 | Close: 64211.4 | High: 64387.9 | Low: 63949.1 | dPrice: +0.40% | dOI: +0.30% | VolRatio: 2.52x
   [+ 7h] 2026-07-10 09:00 | Close: 64360.4 | High: 64459.9 | Low: 64065.7 | dPrice: +0.23% | dOI: +0.62% | VolRatio: 1.75x

4️⃣ ЗАКРЫТИЕ ОРДЕРА (ТОЧКА Б):
   • Время выходя       : 2026-07-10 09:00 (продержали 7 часов)
   • Цена выхода        : 64414.512500000004
   • Причина закрытия   : TAKE_PROFIT
   • Чистый PnL         : +0.67% (с учетом комиссии)
--------------------------------------------------------------------------------------------------------


--------------------------------------------------------------------------------------------------------
ORDER #30 | LONG | SIGNAL: 🟢 BULLISH_IMPULSE | RESULT: ❌ LOSS (-0.64%)
--------------------------------------------------------------------------------------------------------
1️⃣ КОНТЕКСТ РЫНКА ДО СИГНАЛА (ПРЕДИСТОРИЯ):
   [HIST -3h] 2026-07-10 10:00 | Close: 64374.0 | dPrice: +0.02% | dOI: +0.79% | VolRatio: 0.93x
   [HIST -2h] 2026-07-10 11:00 | Close: 64394.2 | dPrice: +0.03% | dOI: +0.07% | VolRatio: 0.57x
   [HIST -1h] 2026-07-10 12:00 | Close: 64258.9 | dPrice: -0.21% | dOI: +0.13% | VolRatio: 1.36x

2️⃣ ТОЧКА ВХОДА (ТОЧКА А) И СОСТОЯНИЕ ИНДИКАТОРОВ:
   • Время входа        : 2026-07-10 13:00
   • Входная цена (Close): 64453.7
   • Take Profit        : 64991.85 | Stop Loss: 64094.94 (Риск: 0.56%)
   • Сигнальная свеча   : dPrice = +0.30%, dOI = +0.33%, VolRatio = 2.03x (от медианы)
   • Положение к EMA50  : ABOVE_EMA

3️⃣ РАЗВИТИЕ СИТУАЦИИ ВО ВРЕМЯ СДЕЛКИ (ПОСВЕЧНЫЙ МОНИТОРИНГ):
   [+ 1h] 2026-07-10 14:00 | Close: 63897.9 | High: 64491.8 | Low: 63768.0 | dPrice: -0.86% | dOI: +0.24% | VolRatio: 2.86x

4️⃣ ЗАКРЫТИЕ ОРДЕРА (ТОЧКА Б):
   • Время выходя       : 2026-07-10 14:00 (продержали 1 часов)
   • Цена выхода        : 64094.9365
   • Причина закрытия   : STOP_LOSS
   • Чистый PnL         : -0.64% (с учетом комиссии)
--------------------------------------------------------------------------------------------------------


--------------------------------------------------------------------------------------------------------
ORDER #31 | SHORT | SIGNAL: 🔴 BEARISH_IMPULSE | RESULT: ❌ LOSS (-0.18%)
--------------------------------------------------------------------------------------------------------
1️⃣ КОНТЕКСТ РЫНКА ДО СИГНАЛА (ПРЕДИСТОРИЯ):
   [HIST -3h] 2026-07-11 12:00 | Close: 64168.4 | dPrice: -0.01% | dOI: +0.01% | VolRatio: 0.26x
   [HIST -2h] 2026-07-11 13:00 | Close: 64213.9 | dPrice: +0.07% | dOI: -0.05% | VolRatio: 0.32x
   [HIST -1h] 2026-07-11 14:00 | Close: 64321.0 | dPrice: +0.17% | dOI: +0.09% | VolRatio: 0.92x

2️⃣ ТОЧКА ВХОДА (ТОЧКА А) И СОСТОЯНИЕ ИНДИКАТОРОВ:
   • Время входа        : 2026-07-11 15:00
   • Входная цена (Close): 64139.0
   • Take Profit        : 63607.05 | Stop Loss: 64493.63 (Риск: 0.55%)
   • Сигнальная свеча   : dPrice = -0.28%, dOI = +0.25%, VolRatio = 2.51x (от медианы)
   • Положение к EMA50  : ABOVE_EMA

3️⃣ РАЗВИТИЕ СИТУАЦИИ ВО ВРЕМЯ СДЕЛКИ (ПОСВЕЧНЫЙ МОНИТОРИНГ):
   [+ 1h] 2026-07-11 16:00 | Close: 64148.2 | High: 64245.3 | Low: 64050.4 | dPrice: +0.01% | dOI: -1.60% | VolRatio: 0.54x
   [+ 2h] 2026-07-11 17:00 | Close: 64289.8 | High: 64375.8 | Low: 64133.4 | dPrice: +0.22% | dOI: -0.09% | VolRatio: 0.49x
   [+ 3h] 2026-07-11 18:00 | Close: 64299.7 | High: 64368.6 | Low: 64258.1 | dPrice: +0.02% | dOI: +0.06% | VolRatio: 0.23x
   [+ 4h] 2026-07-11 19:00 | Close: 64262.0 | High: 64313.1 | Low: 64205.7 | dPrice: -0.06% | dOI: +0.01% | VolRatio: 0.19x
   [+ 5h] 2026-07-11 20:00 | Close: 64353.2 | High: 64438.9 | Low: 64261.9 | dPrice: +0.14% | dOI: +0.07% | VolRatio: 0.26x
   [+ 6h] 2026-07-11 21:00 | Close: 64325.5 | High: 64404.7 | Low: 64310.0 | dPrice: -0.04% | dOI: -0.16% | VolRatio: 0.19x
   [+ 7h] 2026-07-11 22:00 | Close: 64169.1 | High: 64405.2 | Low: 64110.5 | dPrice: -0.24% | dOI: -0.17% | VolRatio: 0.48x
   [+ 8h] 2026-07-11 23:00 | Close: 63783.0 | High: 64223.2 | Low: 63776.0 | dPrice: -0.60% | dOI: -0.11% | VolRatio: 1.35x
   [+ 9h] 2026-07-12 00:00 | Close: 63802.9 | High: 63884.9 | Low: 63657.4 | dPrice: +0.03% | dOI: -0.57% | VolRatio: 1.03x
   [+ 10h] 2026-07-12 01:00 | Close: 64106.0 | High: 64146.2 | Low: 63783.0 | dPrice: +0.48% | dOI: -0.08% | VolRatio: 0.75x
   [+ 11h] 2026-07-12 02:00 | Close: 64049.2 | High: 64112.7 | Low: 64002.0 | dPrice: -0.09% | dOI: -0.17% | VolRatio: 0.38x
   [+ 12h] 2026-07-12 03:00 | Close: 64201.8 | High: 64217.8 | Low: 64002.9 | dPrice: +0.24% | dOI: +0.16% | VolRatio: 0.46x

4️⃣ ЗАКРЫТИЕ ОРДЕРА (ТОЧКА Б):
   • Время выходя       : 2026-07-12 03:00 (продержали 12 часов)
   • Цена выхода        : 64201.8
   • Причина закрытия   : TIMEOUT
   • Чистый PnL         : -0.18% (с учетом комиссии)
--------------------------------------------------------------------------------------------------------


--------------------------------------------------------------------------------------------------------
ORDER #32 | LONG | SIGNAL: 🟢 BULLISH_IMPULSE | RESULT: ❌ LOSS (-0.92%)
--------------------------------------------------------------------------------------------------------
1️⃣ КОНТЕКСТ РЫНКА ДО СИГНАЛА (ПРЕДИСТОРИЯ):
   [HIST -3h] 2026-07-12 21:00 | Close: 63889.6 | dPrice: -0.43% | dOI: -0.05% | VolRatio: 0.59x
   [HIST -2h] 2026-07-12 22:00 | Close: 63855.0 | dPrice: -0.05% | dOI: -0.05% | VolRatio: 1.37x
   [HIST -1h] 2026-07-12 23:00 | Close: 63750.0 | dPrice: -0.16% | dOI: -0.29% | VolRatio: 0.52x

2️⃣ ТОЧКА ВХОДА (ТОЧКА А) И СОСТОЯНИЕ ИНДИКАТОРОВ:
   • Время входа        : 2026-07-13 00:00
   • Входная цена (Close): 64041.8
   • Take Profit        : 64845.15 | Stop Loss: 63506.23 (Риск: 0.84%)
   • Сигнальная свеча   : dPrice = +0.46%, dOI = +0.04%, VolRatio = 3.73x (от медианы)
   • Положение к EMA50  : ABOVE_EMA

3️⃣ РАЗВИТИЕ СИТУАЦИИ ВО ВРЕМЯ СДЕЛКИ (ПОСВЕЧНЫЙ МОНИТОРИНГ):
   [+ 1h] 2026-07-13 01:00 | Close: 63382.1 | High: 64044.0 | Low: 63366.0 | dPrice: -1.03% | dOI: -0.98% | VolRatio: 2.78x

4️⃣ ЗАКРЫТИЕ ОРДЕРА (ТОЧКА Б):
   • Время выходя       : 2026-07-13 01:00 (продержали 1 часов)
   • Цена выхода        : 63506.23100000001
   • Причина закрытия   : STOP_LOSS
   • Чистый PnL         : -0.92% (с учетом комиссии)
--------------------------------------------------------------------------------------------------------


--------------------------------------------------------------------------------------------------------
ORDER #33 | SHORT | SIGNAL: 🔴 BEARISH_IMPULSE | RESULT: ✅ PROFIT (+0.21%)
--------------------------------------------------------------------------------------------------------
1️⃣ КОНТЕКСТ РЫНКА ДО СИГНАЛА (ПРЕДИСТОРИЯ):
   [HIST -3h] 2026-07-13 00:00 | Close: 64041.8 | dPrice: +0.46% | dOI: +0.04% | VolRatio: 3.71x
   [HIST -2h] 2026-07-13 01:00 | Close: 63382.1 | dPrice: -1.03% | dOI: -0.98% | VolRatio: 2.76x
   [HIST -1h] 2026-07-13 02:00 | Close: 63344.8 | dPrice: -0.06% | dOI: +0.01% | VolRatio: 1.77x

2️⃣ ТОЧКА ВХОДА (ТОЧКА А) И СОСТОЯНИЕ ИНДИКАТОРОВ:
   • Время входа        : 2026-07-13 03:00
   • Входная цена (Close): 62780.2
   • Take Profit        : 61859.38 | Stop Loss: 63394.08 (Риск: 0.98%)
   • Сигнальная свеча   : dPrice = -0.89%, dOI = +0.38%, VolRatio = 3.52x (от медианы)
   • Положение к EMA50  : BELOW_EMA

3️⃣ РАЗВИТИЕ СИТУАЦИИ ВО ВРЕМЯ СДЕЛКИ (ПОСВЕЧНЫЙ МОНИТОРИНГ):
   [+ 1h] 2026-07-13 04:00 | Close: 62649.8 | High: 62884.8 | Low: 62592.1 | dPrice: -0.21% | dOI: -0.67% | VolRatio: 1.51x
   [+ 2h] 2026-07-13 05:00 | Close: 62764.1 | High: 62880.0 | Low: 62434.9 | dPrice: +0.18% | dOI: +0.20% | VolRatio: 1.88x
   [+ 3h] 2026-07-13 06:00 | Close: 62766.6 | High: 62848.2 | Low: 62675.0 | dPrice: +0.00% | dOI: +0.41% | VolRatio: 0.60x
   [+ 4h] 2026-07-13 07:00 | Close: 62952.7 | High: 63030.0 | Low: 62719.4 | dPrice: +0.30% | dOI: +0.05% | VolRatio: 1.44x
   [+ 5h] 2026-07-13 08:00 | Close: 63174.9 | High: 63260.0 | Low: 62902.5 | dPrice: +0.35% | dOI: -0.01% | VolRatio: 1.27x
   [+ 6h] 2026-07-13 09:00 | Close: 63074.0 | High: 63179.3 | Low: 63064.4 | dPrice: -0.16% | dOI: -0.44% | VolRatio: 0.74x
   [+ 7h] 2026-07-13 10:00 | Close: 62844.6 | High: 63130.9 | Low: 62834.4 | dPrice: -0.36% | dOI: +0.20% | VolRatio: 2.10x
   [+ 8h] 2026-07-13 11:00 | Close: 62881.3 | High: 63116.1 | Low: 62844.7 | dPrice: +0.06% | dOI: +2.72% | VolRatio: 1.05x
   [+ 9h] 2026-07-13 12:00 | Close: 62597.9 | High: 62970.7 | Low: 62531.0 | dPrice: -0.45% | dOI: +0.15% | VolRatio: 1.97x
   [+ 10h] 2026-07-13 13:00 | Close: 62300.1 | High: 62752.4 | Low: 62141.2 | dPrice: -0.48% | dOI: +1.06% | VolRatio: 4.14x
   [+ 11h] 2026-07-13 14:00 | Close: 62770.3 | High: 62777.0 | Low: 62061.3 | dPrice: +0.75% | dOI: +2.44% | VolRatio: 3.46x
   [+ 12h] 2026-07-13 15:00 | Close: 62596.6 | High: 62965.0 | Low: 62543.5 | dPrice: -0.28% | dOI: +0.73% | VolRatio: 2.09x

4️⃣ ЗАКРЫТИЕ ОРДЕРА (ТОЧКА Б):
   • Время выходя       : 2026-07-13 15:00 (продержали 12 часов)
   • Цена выхода        : 62596.6
   • Причина закрытия   : TIMEOUT
   • Чистый PnL         : +0.21% (с учетом комиссии)
--------------------------------------------------------------------------------------------------------


--------------------------------------------------------------------------------------------------------
ORDER #34 | SHORT | SIGNAL: 💥 LONG_LIQUIDATION | RESULT: ❌ LOSS (-0.70%)
--------------------------------------------------------------------------------------------------------
1️⃣ КОНТЕКСТ РЫНКА ДО СИГНАЛА (ПРЕДИСТОРИЯ):
   [HIST -3h] 2026-07-13 13:00 | Close: 62300.1 | dPrice: -0.48% | dOI: +1.06% | VolRatio: 3.97x
   [HIST -2h] 2026-07-13 14:00 | Close: 62770.3 | dPrice: +0.75% | dOI: +2.44% | VolRatio: 3.32x
   [HIST -1h] 2026-07-13 15:00 | Close: 62596.6 | dPrice: -0.28% | dOI: +0.73% | VolRatio: 2.01x

2️⃣ ТОЧКА ВХОДА (ТОЧКА А) И СОСТОЯНИЕ ИНДИКАТОРОВ:
   • Время входа        : 2026-07-13 16:00
   • Входная цена (Close): 62258.0
   • Take Profit        : 61676.29 | Stop Loss: 62645.81 (Риск: 0.62%)
   • Сигнальная свеча   : dPrice = -0.54%, dOI = -0.17%, VolRatio = 1.86x (от медианы)
   • Положение к EMA50  : BELOW_EMA

3️⃣ РАЗВИТИЕ СИТУАЦИИ ВО ВРЕМЯ СДЕЛКИ (ПОСВЕЧНЫЙ МОНИТОРИНГ):
   [+ 1h] 2026-07-13 17:00 | Close: 61877.0 | High: 62347.2 | Low: 61877.0 | dPrice: -0.61% | dOI: -0.19% | VolRatio: 1.91x
   [+ 2h] 2026-07-13 18:00 | Close: 61997.3 | High: 62077.6 | Low: 61806.0 | dPrice: +0.19% | dOI: +0.68% | VolRatio: 1.57x
   [+ 3h] 2026-07-13 19:00 | Close: 62258.0 | High: 62267.0 | Low: 61962.5 | dPrice: +0.42% | dOI: +0.10% | VolRatio: 0.87x
   [+ 4h] 2026-07-13 20:00 | Close: 62179.3 | High: 62299.0 | Low: 62020.0 | dPrice: -0.13% | dOI: -0.33% | VolRatio: 0.76x
   [+ 5h] 2026-07-13 21:00 | Close: 62034.1 | High: 62192.1 | Low: 61868.0 | dPrice: -0.23% | dOI: -0.15% | VolRatio: 0.72x
   [+ 6h] 2026-07-13 22:00 | Close: 61897.9 | High: 62199.0 | Low: 61883.1 | dPrice: -0.22% | dOI: -0.04% | VolRatio: 0.68x
   [+ 7h] 2026-07-13 23:00 | Close: 62307.0 | High: 62333.4 | Low: 61854.5 | dPrice: +0.66% | dOI: +0.20% | VolRatio: 1.10x
   [+ 8h] 2026-07-14 00:00 | Close: 62520.7 | High: 62639.3 | Low: 62240.9 | dPrice: +0.34% | dOI: +0.12% | VolRatio: 1.27x
   [+ 9h] 2026-07-14 01:00 | Close: 62505.2 | High: 62614.2 | Low: 62427.0 | dPrice: -0.02% | dOI: -0.16% | VolRatio: 0.65x
   [+ 10h] 2026-07-14 02:00 | Close: 62516.8 | High: 62610.0 | Low: 62286.9 | dPrice: +0.02% | dOI: -0.06% | VolRatio: 0.76x
   [+ 11h] 2026-07-14 03:00 | Close: 62538.2 | High: 62576.2 | Low: 62279.0 | dPrice: +0.03% | dOI: -0.10% | VolRatio: 0.72x
   [+ 12h] 2026-07-14 04:00 | Close: 62713.6 | High: 62744.4 | Low: 62511.0 | dPrice: +0.28% | dOI: -0.28% | VolRatio: 0.72x

4️⃣ ЗАКРЫТИЕ ОРДЕРА (ТОЧКА Б):
   • Время выходя       : 2026-07-14 04:00 (продержали 12 часов)
   • Цена выхода        : 62645.80725
   • Причина закрытия   : STOP_LOSS
   • Чистый PnL         : -0.70% (с учетом комиссии)
--------------------------------------------------------------------------------------------------------


--------------------------------------------------------------------------------------------------------
ORDER #35 | LONG | SIGNAL: 🟢 BULLISH_IMPULSE | RESULT: ✅ PROFIT (+1.27%)
--------------------------------------------------------------------------------------------------------
1️⃣ КОНТЕКСТ РЫНКА ДО СИГНАЛА (ПРЕДИСТОРИЯ):
   [HIST -3h] 2026-07-14 09:00 | Close: 62604.2 | dPrice: -0.12% | dOI: +0.11% | VolRatio: 0.49x
   [HIST -2h] 2026-07-14 10:00 | Close: 62767.5 | dPrice: +0.26% | dOI: -0.22% | VolRatio: 0.74x
   [HIST -1h] 2026-07-14 11:00 | Close: 62810.3 | dPrice: +0.07% | dOI: -0.11% | VolRatio: 0.68x

2️⃣ ТОЧКА ВХОДА (ТОЧКА А) И СОСТОЯНИЕ ИНДИКАТОРОВ:
   • Время входа        : 2026-07-14 12:00
   • Входная цена (Close): 63935.2
   • Take Profit        : 65661.45 | Stop Loss: 62784.37 (Риск: 1.8%)
   • Сигнальная свеча   : dPrice = +1.79%, dOI = +0.13%, VolRatio = 9.06x (от медианы)
   • Положение к EMA50  : ABOVE_EMA

3️⃣ РАЗВИТИЕ СИТУАЦИИ ВО ВРЕМЯ СДЕЛКИ (ПОСВЕЧНЫЙ МОНИТОРИНГ):
   [+ 1h] 2026-07-14 13:00 | Close: 63802.8 | High: 64162.2 | Low: 63666.0 | dPrice: -0.21% | dOI: -3.71% | VolRatio: 3.97x
   [+ 2h] 2026-07-14 14:00 | Close: 64277.3 | High: 64310.0 | Low: 63550.0 | dPrice: +0.74% | dOI: +0.13% | VolRatio: 2.79x
   [+ 3h] 2026-07-14 15:00 | Close: 64727.5 | High: 64950.0 | Low: 64163.6 | dPrice: +0.70% | dOI: +1.64% | VolRatio: 5.51x
   [+ 4h] 2026-07-14 16:00 | Close: 64703.9 | High: 64879.0 | Low: 64589.3 | dPrice: -0.04% | dOI: +0.64% | VolRatio: 1.81x
   [+ 5h] 2026-07-14 17:00 | Close: 64597.5 | High: 64704.0 | Low: 64200.0 | dPrice: -0.16% | dOI: +0.80% | VolRatio: 3.04x
   [+ 6h] 2026-07-14 18:00 | Close: 64544.0 | High: 64631.6 | Low: 64448.7 | dPrice: -0.08% | dOI: -1.79% | VolRatio: 0.52x
   [+ 7h] 2026-07-14 19:00 | Close: 64543.0 | High: 64687.9 | Low: 64456.3 | dPrice: -0.00% | dOI: -0.05% | VolRatio: 0.57x
   [+ 8h] 2026-07-14 20:00 | Close: 64538.6 | High: 64576.4 | Low: 64390.4 | dPrice: -0.01% | dOI: +0.01% | VolRatio: 0.51x
   [+ 9h] 2026-07-14 21:00 | Close: 64650.0 | High: 64877.7 | Low: 64496.2 | dPrice: +0.17% | dOI: +0.05% | VolRatio: 0.72x
   [+ 10h] 2026-07-14 22:00 | Close: 64837.1 | High: 65130.0 | Low: 64485.4 | dPrice: +0.29% | dOI: -0.23% | VolRatio: 2.65x
   [+ 11h] 2026-07-14 23:00 | Close: 65014.7 | High: 65040.3 | Low: 64750.0 | dPrice: +0.27% | dOI: +1.84% | VolRatio: 0.99x
   [+ 12h] 2026-07-15 00:00 | Close: 64798.1 | High: 65043.3 | Low: 64743.6 | dPrice: -0.33% | dOI: +0.07% | VolRatio: 0.96x

4️⃣ ЗАКРЫТИЕ ОРДЕРА (ТОЧКА Б):
   • Время выходя       : 2026-07-15 00:00 (продержали 12 часов)
   • Цена выхода        : 64798.1
   • Причина закрытия   : TIMEOUT
   • Чистый PnL         : +1.27% (с учетом комиссии)
--------------------------------------------------------------------------------------------------------


--------------------------------------------------------------------------------------------------------
ORDER #36 | SHORT | SIGNAL: 🔴 BEARISH_IMPULSE | RESULT: ❌ LOSS (-0.84%)
--------------------------------------------------------------------------------------------------------
1️⃣ КОНТЕКСТ РЫНКА ДО СИГНАЛА (ПРЕДИСТОРИЯ):
   [HIST -3h] 2026-07-15 10:00 | Close: 64633.0 | dPrice: -0.02% | dOI: +0.13% | VolRatio: 0.56x
   [HIST -2h] 2026-07-15 11:00 | Close: 64707.5 | dPrice: +0.12% | dOI: -0.23% | VolRatio: 0.40x
   [HIST -1h] 2026-07-15 12:00 | Close: 65133.7 | dPrice: +0.66% | dOI: +0.02% | VolRatio: 2.63x

2️⃣ ТОЧКА ВХОДА (ТОЧКА А) И СОСТОЯНИЕ ИНДИКАТОРОВ:
   • Время входа        : 2026-07-15 13:00
   • Входная цена (Close): 65090.2
   • Take Profit        : 64350.59 | Stop Loss: 65583.28 (Риск: 0.76%)
   • Сигнальная свеча   : dPrice = -0.07%, dOI = +0.66%, VolRatio = 3.88x (от медианы)
   • Положение к EMA50  : ABOVE_EMA

3️⃣ РАЗВИТИЕ СИТУАЦИИ ВО ВРЕМЯ СДЕЛКИ (ПОСВЕЧНЫЙ МОНИТОРИНГ):
   [+ 1h] 2026-07-15 14:00 | Close: 65364.8 | High: 65497.0 | Low: 65033.5 | dPrice: +0.42% | dOI: -0.14% | VolRatio: 2.24x
   [+ 2h] 2026-07-15 15:00 | Close: 65391.6 | High: 65589.7 | Low: 65230.0 | dPrice: +0.04% | dOI: -0.10% | VolRatio: 1.65x

4️⃣ ЗАКРЫТИЕ ОРДЕРА (ТОЧКА Б):
   • Время выходя       : 2026-07-15 15:00 (продержали 2 часов)
   • Цена выхода        : 65583.27524999999
   • Причина закрытия   : STOP_LOSS
   • Чистый PnL         : -0.84% (с учетом комиссии)
--------------------------------------------------------------------------------------------------------


--------------------------------------------------------------------------------------------------------
ORDER #37 | SHORT | SIGNAL: 💥 LONG_LIQUIDATION | RESULT: ✅ PROFIT (+0.80%)
--------------------------------------------------------------------------------------------------------
1️⃣ КОНТЕКСТ РЫНКА ДО СИГНАЛА (ПРЕДИСТОРИЯ):
   [HIST -3h] 2026-07-15 13:00 | Close: 65090.2 | dPrice: -0.07% | dOI: +0.66% | VolRatio: 3.88x
   [HIST -2h] 2026-07-15 14:00 | Close: 65364.8 | dPrice: +0.42% | dOI: -0.14% | VolRatio: 2.24x
   [HIST -1h] 2026-07-15 15:00 | Close: 65391.6 | dPrice: +0.04% | dOI: -0.10% | VolRatio: 1.65x

2️⃣ ТОЧКА ВХОДА (ТОЧКА А) И СОСТОЯНИЕ ИНДИКАТОРОВ:
   • Время входа        : 2026-07-15 16:00
   • Входная цена (Close): 65089.5
   • Take Profit        : 64517.67 | Stop Loss: 65470.72 (Риск: 0.59%)
   • Сигнальная свеча   : dPrice = -0.46%, dOI = -0.16%, VolRatio = 3.20x (от медианы)
   • Положение к EMA50  : ABOVE_EMA

3️⃣ РАЗВИТИЕ СИТУАЦИИ ВО ВРЕМЯ СДЕЛКИ (ПОСВЕЧНЫЙ МОНИТОРИНГ):
   [+ 1h] 2026-07-15 17:00 | Close: 65023.1 | High: 65148.2 | Low: 64939.5 | dPrice: -0.10% | dOI: -1.52% | VolRatio: 1.92x
   [+ 2h] 2026-07-15 18:00 | Close: 64837.4 | High: 65130.0 | Low: 64817.1 | dPrice: -0.29% | dOI: -1.12% | VolRatio: 0.74x
   [+ 3h] 2026-07-15 19:00 | Close: 64942.0 | High: 64967.9 | Low: 64708.0 | dPrice: +0.16% | dOI: -0.14% | VolRatio: 0.61x
   [+ 4h] 2026-07-15 20:00 | Close: 64939.9 | High: 65030.5 | Low: 64869.8 | dPrice: -0.00% | dOI: -0.10% | VolRatio: 0.26x
   [+ 5h] 2026-07-15 21:00 | Close: 64800.0 | High: 64985.9 | Low: 64756.7 | dPrice: -0.22% | dOI: -0.04% | VolRatio: 0.42x
   [+ 6h] 2026-07-15 22:00 | Close: 64831.5 | High: 64949.7 | Low: 64739.0 | dPrice: +0.05% | dOI: -0.24% | VolRatio: 0.46x
   [+ 7h] 2026-07-15 23:00 | Close: 64721.4 | High: 64912.5 | Low: 64660.0 | dPrice: -0.17% | dOI: -0.06% | VolRatio: 0.53x
   [+ 8h] 2026-07-16 00:00 | Close: 64554.3 | High: 64814.7 | Low: 64464.0 | dPrice: -0.26% | dOI: -0.07% | VolRatio: 1.05x

4️⃣ ЗАКРЫТИЕ ОРДЕРА (ТОЧКА Б):
   • Время выходя       : 2026-07-16 00:00 (продержали 8 часов)
   • Цена выхода        : 64517.671500000004
   • Причина закрытия   : TAKE_PROFIT
   • Чистый PnL         : +0.80% (с учетом комиссии)
--------------------------------------------------------------------------------------------------------


--------------------------------------------------------------------------------------------------------
ORDER #38 | SHORT | SIGNAL: 💥 LONG_LIQUIDATION | RESULT: ❌ LOSS (-0.99%)
--------------------------------------------------------------------------------------------------------
1️⃣ КОНТЕКСТ РЫНКА ДО СИГНАЛА (ПРЕДИСТОРИЯ):
   [HIST -3h] 2026-07-16 04:00 | Close: 64610.9 | dPrice: +0.03% | dOI: +0.02% | VolRatio: 0.43x
   [HIST -2h] 2026-07-16 05:00 | Close: 64897.9 | dPrice: +0.44% | dOI: -0.07% | VolRatio: 1.35x
   [HIST -1h] 2026-07-16 06:00 | Close: 64750.0 | dPrice: -0.23% | dOI: -0.62% | VolRatio: 0.74x

2️⃣ ТОЧКА ВХОДА (ТОЧКА А) И СОСТОЯНИЕ ИНДИКАТОРОВ:
   • Время входа        : 2026-07-16 07:00
   • Входная цена (Close): 64200.0
   • Take Profit        : 63326.44 | Stop Loss: 64782.38 (Риск: 0.91%)
   • Сигнальная свеча   : dPrice = -0.85%, dOI = -0.31%, VolRatio = 2.64x (от медианы)
   • Положение к EMA50  : BELOW_EMA

3️⃣ РАЗВИТИЕ СИТУАЦИИ ВО ВРЕМЯ СДЕЛКИ (ПОСВЕЧНЫЙ МОНИТОРИНГ):
   [+ 1h] 2026-07-16 08:00 | Close: 64096.7 | High: 64340.0 | Low: 63843.1 | dPrice: -0.16% | dOI: -0.16% | VolRatio: 3.15x
   [+ 2h] 2026-07-16 09:00 | Close: 64063.8 | High: 64155.9 | Low: 63985.1 | dPrice: -0.05% | dOI: -0.06% | VolRatio: 0.72x
   [+ 3h] 2026-07-16 10:00 | Close: 64186.9 | High: 64241.3 | Low: 64047.7 | dPrice: +0.19% | dOI: +0.19% | VolRatio: 0.57x
   [+ 4h] 2026-07-16 11:00 | Close: 64226.6 | High: 64245.6 | Low: 64057.2 | dPrice: +0.06% | dOI: -0.18% | VolRatio: 0.64x
   [+ 5h] 2026-07-16 12:00 | Close: 63938.1 | High: 64226.6 | Low: 63833.0 | dPrice: -0.45% | dOI: +0.12% | VolRatio: 1.46x
   [+ 6h] 2026-07-16 13:00 | Close: 64354.4 | High: 64458.7 | Low: 63930.1 | dPrice: +0.65% | dOI: -0.09% | VolRatio: 2.43x
   [+ 7h] 2026-07-16 14:00 | Close: 64510.0 | High: 64844.3 | Low: 64300.1 | dPrice: +0.24% | dOI: -0.48% | VolRatio: 2.68x

4️⃣ ЗАКРЫТИЕ ОРДЕРА (ТОЧКА Б):
   • Время выходя       : 2026-07-16 14:00 (продержали 7 часов)
   • Цена выхода        : 64782.375
   • Причина закрытия   : STOP_LOSS
   • Чистый PnL         : -0.99% (с учетом комиссии)
--------------------------------------------------------------------------------------------------------


--------------------------------------------------------------------------------------------------------
ORDER #39 | LONG | SIGNAL: ⚡ SHORT_SQUEEZE | RESULT: ❌ LOSS (-0.74%)
--------------------------------------------------------------------------------------------------------
1️⃣ КОНТЕКСТ РЫНКА ДО СИГНАЛА (ПРЕДИСТОРИЯ):
   [HIST -3h] 2026-07-16 12:00 | Close: 63938.1 | dPrice: -0.45% | dOI: +0.12% | VolRatio: 1.46x
   [HIST -2h] 2026-07-16 13:00 | Close: 64354.4 | dPrice: +0.65% | dOI: -0.09% | VolRatio: 2.43x
   [HIST -1h] 2026-07-16 14:00 | Close: 64510.0 | dPrice: +0.24% | dOI: -0.48% | VolRatio: 2.68x

2️⃣ ТОЧКА ВХОДА (ТОЧКА А) И СОСТОЯНИЕ ИНДИКАТОРОВ:
   • Время входа        : 2026-07-16 15:00
   • Входная цена (Close): 64677.7
   • Take Profit        : 65320.06 | Stop Loss: 64249.46 (Риск: 0.66%)
   • Сигнальная свеча   : dPrice = +0.26%, dOI = -0.59%, VolRatio = 1.76x (от медианы)
   • Положение к EMA50  : ABOVE_EMA

3️⃣ РАЗВИТИЕ СИТУАЦИИ ВО ВРЕМЯ СДЕЛКИ (ПОСВЕЧНЫЙ МОНИТОРИНГ):
   [+ 1h] 2026-07-16 16:00 | Close: 64448.4 | High: 64687.6 | Low: 64299.4 | dPrice: -0.35% | dOI: -0.35% | VolRatio: 1.16x
   [+ 2h] 2026-07-16 17:00 | Close: 64045.6 | High: 64453.1 | Low: 63958.0 | dPrice: -0.62% | dOI: +0.06% | VolRatio: 1.63x

4️⃣ ЗАКРЫТИЕ ОРДЕРА (ТОЧКА Б):
   • Время выходя       : 2026-07-16 17:00 (продержали 2 часов)
   • Цена выхода        : 64249.459200000005
   • Причина закрытия   : STOP_LOSS
   • Чистый PnL         : -0.74% (с учетом комиссии)
--------------------------------------------------------------------------------------------------------


--------------------------------------------------------------------------------------------------------
ORDER #40 | SHORT | SIGNAL: 💥 LONG_LIQUIDATION | RESULT: ✅ PROFIT (+1.25%)
--------------------------------------------------------------------------------------------------------
1️⃣ КОНТЕКСТ РЫНКА ДО СИГНАЛА (ПРЕДИСТОРИЯ):
   [HIST -3h] 2026-07-16 22:00 | Close: 63939.5 | dPrice: -0.31% | dOI: -0.01% | VolRatio: 0.80x
   [HIST -2h] 2026-07-16 23:00 | Close: 63801.0 | dPrice: -0.22% | dOI: +0.50% | VolRatio: 1.37x
   [HIST -1h] 2026-07-17 00:00 | Close: 63862.9 | dPrice: +0.10% | dOI: +0.35% | VolRatio: 1.36x

2️⃣ ТОЧКА ВХОДА (ТОЧКА А) И СОСТОЯНИЕ ИНДИКАТОРОВ:
   • Время входа        : 2026-07-17 01:00
   • Входная цена (Close): 63510.8
   • Take Profit        : 62666.57 | Stop Loss: 64073.62 (Риск: 0.89%)
   • Сигнальная свеча   : dPrice = -0.55%, dOI = -0.25%, VolRatio = 1.82x (от медианы)
   • Положение к EMA50  : BELOW_EMA

3️⃣ РАЗВИТИЕ СИТУАЦИИ ВО ВРЕМЯ СДЕЛКИ (ПОСВЕЧНЫЙ МОНИТОРИНГ):
   [+ 1h] 2026-07-17 02:00 | Close: 63457.5 | High: 63628.0 | Low: 63358.0 | dPrice: -0.08% | dOI: -0.02% | VolRatio: 1.15x
   [+ 2h] 2026-07-17 03:00 | Close: 63538.1 | High: 63693.2 | Low: 63450.1 | dPrice: +0.13% | dOI: +0.34% | VolRatio: 0.76x
   [+ 3h] 2026-07-17 04:00 | Close: 63460.0 | High: 63560.0 | Low: 63281.0 | dPrice: -0.12% | dOI: +0.13% | VolRatio: 1.09x
   [+ 4h] 2026-07-17 05:00 | Close: 62807.3 | High: 63460.1 | Low: 62754.6 | dPrice: -1.03% | dOI: -0.13% | VolRatio: 3.36x
   [+ 5h] 2026-07-17 06:00 | Close: 62915.4 | High: 62961.7 | Low: 62655.0 | dPrice: +0.17% | dOI: +0.31% | VolRatio: 2.30x

4️⃣ ЗАКРЫТИЕ ОРДЕРА (ТОЧКА Б):
   • Время выходя       : 2026-07-17 06:00 (продержали 5 часов)
   • Цена выхода        : 62666.568800000015
   • Причина закрытия   : TAKE_PROFIT
   • Чистый PnL         : +1.25% (с учетом комиссии)
--------------------------------------------------------------------------------------------------------


--------------------------------------------------------------------------------------------------------
ORDER #41 | LONG | SIGNAL: ⚡ SHORT_SQUEEZE | RESULT: ✅ PROFIT (+1.48%)
--------------------------------------------------------------------------------------------------------
1️⃣ КОНТЕКСТ РЫНКА ДО СИГНАЛА (ПРЕДИСТОРИЯ):
   [HIST -3h] 2026-07-17 10:00 | Close: 63146.9 | dPrice: +0.29% | dOI: +0.01% | VolRatio: 0.91x
   [HIST -2h] 2026-07-17 11:00 | Close: 63273.2 | dPrice: +0.20% | dOI: +0.18% | VolRatio: 1.16x
   [HIST -1h] 2026-07-17 12:00 | Close: 63073.9 | dPrice: -0.31% | dOI: -0.28% | VolRatio: 1.12x

2️⃣ ТОЧКА ВХОДА (ТОЧКА А) И СОСТОЯНИЕ ИНДИКАТОРОВ:
   • Время входа        : 2026-07-17 13:00
   • Входная цена (Close): 63128.6
   • Take Profit        : 64110.73 | Stop Loss: 62473.85 (Риск: 1.04%)
   • Сигнальная свеча   : dPrice = +0.09%, dOI = -0.69%, VolRatio = 3.52x (от медианы)
   • Положение к EMA50  : BELOW_EMA

3️⃣ РАЗВИТИЕ СИТУАЦИИ ВО ВРЕМЯ СДЕЛКИ (ПОСВЕЧНЫЙ МОНИТОРИНГ):
   [+ 1h] 2026-07-17 14:00 | Close: 63142.5 | High: 63496.0 | Low: 63051.4 | dPrice: +0.02% | dOI: +0.07% | VolRatio: 2.41x
   [+ 2h] 2026-07-17 15:00 | Close: 63432.4 | High: 63432.5 | Low: 62817.0 | dPrice: +0.46% | dOI: -0.63% | VolRatio: 1.99x
   [+ 3h] 2026-07-17 16:00 | Close: 63553.7 | High: 63681.3 | Low: 63272.4 | dPrice: +0.19% | dOI: -0.32% | VolRatio: 1.94x
   [+ 4h] 2026-07-17 17:00 | Close: 64011.8 | High: 64194.6 | Low: 63553.7 | dPrice: +0.72% | dOI: +0.37% | VolRatio: 2.75x

4️⃣ ЗАКРЫТИЕ ОРДЕРА (ТОЧКА Б):
   • Время выходя       : 2026-07-17 17:00 (продержали 4 часов)
   • Цена выхода        : 64110.72882499999
   • Причина закрытия   : TAKE_PROFIT
   • Чистый PnL         : +1.48% (с учетом комиссии)
--------------------------------------------------------------------------------------------------------


--------------------------------------------------------------------------------------------------------
ORDER #42 | LONG | SIGNAL: ⚡ SHORT_SQUEEZE | RESULT: ❌ LOSS (-0.49%)
--------------------------------------------------------------------------------------------------------
1️⃣ КОНТЕКСТ РЫНКА ДО СИГНАЛА (ПРЕДИСТОРИЯ):
   [HIST -3h] 2026-07-17 15:00 | Close: 63432.4 | dPrice: +0.46% | dOI: -0.63% | VolRatio: 1.99x
   [HIST -2h] 2026-07-17 16:00 | Close: 63553.7 | dPrice: +0.19% | dOI: -0.32% | VolRatio: 1.94x
   [HIST -1h] 2026-07-17 17:00 | Close: 64011.8 | dPrice: +0.72% | dOI: +0.37% | VolRatio: 2.75x

2️⃣ ТОЧКА ВХОДА (ТОЧКА А) И СОСТОЯНИЕ ИНДИКАТОРОВ:
   • Время входа        : 2026-07-17 18:00
   • Входная цена (Close): 64220.1
   • Take Profit        : 64814.44 | Stop Loss: 63823.87 (Риск: 0.62%)
   • Сигнальная свеча   : dPrice = +0.33%, dOI = -0.19%, VolRatio = 1.84x (от медианы)
   • Положение к EMA50  : ABOVE_EMA

3️⃣ РАЗВИТИЕ СИТУАЦИИ ВО ВРЕМЯ СДЕЛКИ (ПОСВЕЧНЫЙ МОНИТОРИНГ):
   [+ 1h] 2026-07-17 19:00 | Close: 64121.4 | High: 64226.1 | Low: 63943.5 | dPrice: -0.15% | dOI: -0.13% | VolRatio: 0.94x
   [+ 2h] 2026-07-17 20:00 | Close: 64086.1 | High: 64165.7 | Low: 63928.9 | dPrice: -0.06% | dOI: -0.41% | VolRatio: 0.73x
   [+ 3h] 2026-07-17 21:00 | Close: 64070.6 | High: 64188.2 | Low: 64031.6 | dPrice: -0.02% | dOI: +0.04% | VolRatio: 0.33x
   [+ 4h] 2026-07-17 22:00 | Close: 63952.8 | High: 64117.5 | Low: 63891.6 | dPrice: -0.18% | dOI: +0.06% | VolRatio: 0.38x
   [+ 5h] 2026-07-17 23:00 | Close: 63909.9 | High: 63985.0 | Low: 63860.0 | dPrice: -0.07% | dOI: +0.06% | VolRatio: 0.31x
   [+ 6h] 2026-07-18 00:00 | Close: 63881.6 | High: 63991.0 | Low: 63859.6 | dPrice: -0.04% | dOI: +0.02% | VolRatio: 0.32x
   [+ 7h] 2026-07-18 01:00 | Close: 63929.2 | High: 63980.0 | Low: 63862.0 | dPrice: +0.07% | dOI: +0.10% | VolRatio: 0.27x
   [+ 8h] 2026-07-18 02:00 | Close: 63931.5 | High: 64014.9 | Low: 63900.0 | dPrice: +0.00% | dOI: +0.09% | VolRatio: 0.29x
   [+ 9h] 2026-07-18 03:00 | Close: 63989.5 | High: 63995.8 | Low: 63900.0 | dPrice: +0.09% | dOI: -0.01% | VolRatio: 0.26x
   [+ 10h] 2026-07-18 04:00 | Close: 63946.3 | High: 63992.8 | Low: 63915.0 | dPrice: -0.07% | dOI: +0.02% | VolRatio: 0.17x
   [+ 11h] 2026-07-18 05:00 | Close: 63936.3 | High: 63973.3 | Low: 63894.3 | dPrice: -0.02% | dOI: -0.00% | VolRatio: 0.23x
   [+ 12h] 2026-07-18 06:00 | Close: 63954.1 | High: 63979.0 | Low: 63914.1 | dPrice: +0.03% | dOI: -0.05% | VolRatio: 0.19x

4️⃣ ЗАКРЫТИЕ ОРДЕРА (ТОЧКА Б):
   • Время выходя       : 2026-07-18 06:00 (продержали 12 часов)
   • Цена выхода        : 63954.1
   • Причина закрытия   : TIMEOUT
   • Чистый PnL         : -0.49% (с учетом комиссии)
--------------------------------------------------------------------------------------------------------


--------------------------------------------------------------------------------------------------------
ORDER #43 | SHORT | SIGNAL: 💥 LONG_LIQUIDATION | RESULT: ❌ LOSS (-0.61%)
--------------------------------------------------------------------------------------------------------
1️⃣ КОНТЕКСТ РЫНКА ДО СИГНАЛА (ПРЕДИСТОРИЯ):
   [HIST -3h] 2026-07-20 03:00 | Close: 64839.4 | dPrice: +0.06% | dOI: +0.14% | VolRatio: 0.59x
   [HIST -2h] 2026-07-20 04:00 | Close: 64511.3 | dPrice: -0.51% | dOI: -0.02% | VolRatio: 0.71x
   [HIST -1h] 2026-07-20 05:00 | Close: 64101.7 | dPrice: -0.63% | dOI: -0.01% | VolRatio: 2.08x

2️⃣ ТОЧКА ВХОДА (ТОЧКА А) И СОСТОЯНИЕ ИНДИКАТОРОВ:
   • Время входа        : 2026-07-20 06:00
   • Входная цена (Close): 63890.0
   • Take Profit        : 63379.40 | Stop Loss: 64230.40 (Риск: 0.53%)
   • Сигнальная свеча   : dPrice = -0.33%, dOI = -0.21%, VolRatio = 2.32x (от медианы)
   • Положение к EMA50  : BELOW_EMA

3️⃣ РАЗВИТИЕ СИТУАЦИИ ВО ВРЕМЯ СДЕЛКИ (ПОСВЕЧНЫЙ МОНИТОРИНГ):
   [+ 1h] 2026-07-20 07:00 | Close: 64250.0 | High: 64285.5 | Low: 63865.0 | dPrice: +0.56% | dOI: -0.01% | VolRatio: 1.25x

4️⃣ ЗАКРЫТИЕ ОРДЕРА (ТОЧКА Б):
   • Время выходя       : 2026-07-20 07:00 (продержали 1 часов)
   • Цена выхода        : 64230.399150000005
   • Причина закрытия   : STOP_LOSS
   • Чистый PnL         : -0.61% (с учетом комиссии)
--------------------------------------------------------------------------------------------------------


--------------------------------------------------------------------------------------------------------
ORDER #44 | SHORT | SIGNAL: 🔴 BEARISH_IMPULSE | RESULT: ❌ LOSS (-0.61%)
--------------------------------------------------------------------------------------------------------
1️⃣ КОНТЕКСТ РЫНКА ДО СИГНАЛА (ПРЕДИСТОРИЯ):
   [HIST -3h] 2026-07-20 05:00 | Close: 64101.7 | dPrice: -0.63% | dOI: -0.01% | VolRatio: 2.06x
   [HIST -2h] 2026-07-20 06:00 | Close: 63890.0 | dPrice: -0.33% | dOI: -0.21% | VolRatio: 2.31x
   [HIST -1h] 2026-07-20 07:00 | Close: 64250.0 | dPrice: +0.56% | dOI: -0.01% | VolRatio: 1.24x

2️⃣ ТОЧКА ВХОДА (ТОЧКА А) И СОСТОЯНИЕ ИНДИКАТОРОВ:
   • Время входа        : 2026-07-20 08:00
   • Входная цена (Close): 64031.4
   • Take Profit        : 63524.75 | Stop Loss: 64369.17 (Риск: 0.53%)
   • Сигнальная свеча   : dPrice = -0.34%, dOI = +0.22%, VolRatio = 1.88x (от медианы)
   • Положение к EMA50  : BELOW_EMA

3️⃣ РАЗВИТИЕ СИТУАЦИИ ВО ВРЕМЯ СДЕЛКИ (ПОСВЕЧНЫЙ МОНИТОРИНГ):
   [+ 1h] 2026-07-20 09:00 | Close: 64176.6 | High: 64260.0 | Low: 63984.5 | dPrice: +0.23% | dOI: +0.45% | VolRatio: 0.69x
   [+ 2h] 2026-07-20 10:00 | Close: 64280.5 | High: 64393.2 | Low: 64137.0 | dPrice: +0.16% | dOI: -0.10% | VolRatio: 0.76x

4️⃣ ЗАКРЫТИЕ ОРДЕРА (ТОЧКА Б):
   • Время выходя       : 2026-07-20 10:00 (продержали 2 часов)
   • Цена выхода        : 64369.16850000001
   • Причина закрытия   : STOP_LOSS
   • Чистый PnL         : -0.61% (с учетом комиссии)
--------------------------------------------------------------------------------------------------------


--------------------------------------------------------------------------------------------------------
ORDER #45 | SHORT | SIGNAL: 🔴 BEARISH_IMPULSE | RESULT: ✅ PROFIT (+0.82%)
--------------------------------------------------------------------------------------------------------
1️⃣ КОНТЕКСТ РЫНКА ДО СИГНАЛА (ПРЕДИСТОРИЯ):
   [HIST -3h] 2026-07-20 09:00 | Close: 64176.6 | dPrice: +0.23% | dOI: +0.45% | VolRatio: 0.69x
   [HIST -2h] 2026-07-20 10:00 | Close: 64280.5 | dPrice: +0.16% | dOI: -0.10% | VolRatio: 0.76x
   [HIST -1h] 2026-07-20 11:00 | Close: 64970.8 | dPrice: +1.07% | dOI: -0.13% | VolRatio: 2.94x

2️⃣ ТОЧКА ВХОДА (ТОЧКА А) И СОСТОЯНИЕ ИНДИКАТОРОВ:
   • Время входа        : 2026-07-20 12:00
   • Входная цена (Close): 64627.2
   • Take Profit        : 64046.26 | Stop Loss: 65014.49 (Риск: 0.6%)
   • Сигнальная свеча   : dPrice = -0.53%, dOI = +0.49%, VolRatio = 2.30x (от медианы)
   • Положение к EMA50  : ABOVE_EMA

3️⃣ РАЗВИТИЕ СИТУАЦИИ ВО ВРЕМЯ СДЕЛКИ (ПОСВЕЧНЫЙ МОНИТОРИНГ):
   [+ 1h] 2026-07-20 13:00 | Close: 64315.0 | High: 64737.5 | Low: 64174.5 | dPrice: -0.48% | dOI: -0.46% | VolRatio: 2.22x
   [+ 2h] 2026-07-20 14:00 | Close: 64393.0 | High: 64550.0 | Low: 64034.3 | dPrice: +0.12% | dOI: -0.43% | VolRatio: 1.72x

4️⃣ ЗАКРЫТИЕ ОРДЕРА (ТОЧКА Б):
   • Время выходя       : 2026-07-20 14:00 (продержали 2 часов)
   • Цена выхода        : 64046.2635
   • Причина закрытия   : TAKE_PROFIT
   • Чистый PnL         : +0.82% (с учетом комиссии)
--------------------------------------------------------------------------------------------------------


--------------------------------------------------------------------------------------------------------
ORDER #46 | SHORT | SIGNAL: 🔴 BEARISH_IMPULSE | RESULT: ❌ LOSS (-0.10%)
--------------------------------------------------------------------------------------------------------
1️⃣ КОНТЕКСТ РЫНКА ДО СИГНАЛА (ПРЕДИСТОРИЯ):
   [HIST -3h] 2026-07-20 13:00 | Close: 64315.0 | dPrice: -0.48% | dOI: -0.46% | VolRatio: 2.22x
   [HIST -2h] 2026-07-20 14:00 | Close: 64393.0 | dPrice: +0.12% | dOI: -0.43% | VolRatio: 1.72x
   [HIST -1h] 2026-07-20 15:00 | Close: 65570.1 | dPrice: +1.83% | dOI: +0.12% | VolRatio: 6.02x

2️⃣ ТОЧКА ВХОДА (ТОЧКА А) И СОСТОЯНИЕ ИНДИКАТОРОВ:
   • Время входа        : 2026-07-20 16:00
   • Входная цена (Close): 65478.6
   • Take Profit        : 64987.51 | Stop Loss: 65805.99 (Риск: 0.5%)
   • Сигнальная свеча   : dPrice = -0.14%, dOI = +1.63%, VolRatio = 2.40x (от медианы)
   • Положение к EMA50  : ABOVE_EMA

3️⃣ РАЗВИТИЕ СИТУАЦИИ ВО ВРЕМЯ СДЕЛКИ (ПОСВЕЧНЫЙ МОНИТОРИНГ):
   [+ 1h] 2026-07-20 17:00 | Close: 65560.0 | High: 65642.0 | Low: 65313.9 | dPrice: +0.12% | dOI: +0.85% | VolRatio: 1.48x
   [+ 2h] 2026-07-20 18:00 | Close: 65215.8 | High: 65788.0 | Low: 65168.0 | dPrice: -0.53% | dOI: +0.20% | VolRatio: 2.50x
   [+ 3h] 2026-07-20 19:00 | Close: 65119.3 | High: 65256.1 | Low: 65011.4 | dPrice: -0.15% | dOI: -0.62% | VolRatio: 1.74x
   [+ 4h] 2026-07-20 20:00 | Close: 65344.7 | High: 65435.3 | Low: 65030.2 | dPrice: +0.35% | dOI: -1.34% | VolRatio: 0.99x
   [+ 5h] 2026-07-20 21:00 | Close: 65258.5 | High: 65416.4 | Low: 65241.6 | dPrice: -0.13% | dOI: -0.73% | VolRatio: 0.42x
   [+ 6h] 2026-07-20 22:00 | Close: 65118.7 | High: 65258.5 | Low: 65061.2 | dPrice: -0.21% | dOI: -0.26% | VolRatio: 0.59x
   [+ 7h] 2026-07-20 23:00 | Close: 65224.8 | High: 65244.9 | Low: 65098.8 | dPrice: +0.16% | dOI: -0.19% | VolRatio: 0.46x
   [+ 8h] 2026-07-21 00:00 | Close: 65538.9 | High: 65561.0 | Low: 65115.3 | dPrice: +0.48% | dOI: -0.03% | VolRatio: 0.98x
   [+ 9h] 2026-07-21 01:00 | Close: 65205.1 | High: 65634.4 | Low: 65202.1 | dPrice: -0.51% | dOI: +0.33% | VolRatio: 0.99x
   [+ 10h] 2026-07-21 02:00 | Close: 65386.4 | High: 65479.5 | Low: 65145.1 | dPrice: +0.28% | dOI: -0.15% | VolRatio: 0.75x
   [+ 11h] 2026-07-21 03:00 | Close: 65539.5 | High: 65572.2 | Low: 65380.0 | dPrice: +0.23% | dOI: +0.04% | VolRatio: 0.68x
   [+ 12h] 2026-07-21 04:00 | Close: 65494.2 | High: 65723.0 | Low: 65453.5 | dPrice: -0.07% | dOI: +0.09% | VolRatio: 1.04x

4️⃣ ЗАКРЫТИЕ ОРДЕРА (ТОЧКА Б):
   • Время выходя       : 2026-07-21 04:00 (продержали 12 часов)
   • Цена выхода        : 65494.2
   • Причина закрытия   : TIMEOUT
   • Чистый PnL         : -0.10% (с учетом комиссии)
--------------------------------------------------------------------------------------------------------


--------------------------------------------------------------------------------------------------------
ORDER #47 | LONG | SIGNAL: 🟢 BULLISH_IMPULSE | RESULT: ✅ PROFIT (+0.76%)
--------------------------------------------------------------------------------------------------------
1️⃣ КОНТЕКСТ РЫНКА ДО СИГНАЛА (ПРЕДИСТОРИЯ):
   [HIST -3h] 2026-07-21 04:00 | Close: 65494.2 | dPrice: -0.07% | dOI: +0.09% | VolRatio: 1.03x
   [HIST -2h] 2026-07-21 05:00 | Close: 65724.9 | dPrice: +0.35% | dOI: +0.39% | VolRatio: 1.43x
   [HIST -1h] 2026-07-21 06:00 | Close: 65892.4 | dPrice: +0.25% | dOI: +0.36% | VolRatio: 1.33x

2️⃣ ТОЧКА ВХОДА (ТОЧКА А) И СОСТОЯНИЕ ИНДИКАТОРОВ:
   • Время входа        : 2026-07-21 07:00
   • Входная цена (Close): 66166.9
   • Take Profit        : 66724.32 | Stop Loss: 65795.29 (Риск: 0.56%)
   • Сигнальная свеча   : dPrice = +0.42%, dOI = +0.80%, VolRatio = 2.31x (от медианы)
   • Положение к EMA50  : ABOVE_EMA

3️⃣ РАЗВИТИЕ СИТУАЦИИ ВО ВРЕМЯ СДЕЛКИ (ПОСВЕЧНЫЙ МОНИТОРИНГ):
   [+ 1h] 2026-07-21 08:00 | Close: 66200.0 | High: 66337.8 | Low: 66103.4 | dPrice: +0.05% | dOI: +1.47% | VolRatio: 2.04x
   [+ 2h] 2026-07-21 09:00 | Close: 66261.2 | High: 66320.4 | Low: 66110.0 | dPrice: +0.09% | dOI: +0.50% | VolRatio: 0.84x
   [+ 3h] 2026-07-21 10:00 | Close: 66161.1 | High: 66390.0 | Low: 66145.5 | dPrice: -0.15% | dOI: +0.33% | VolRatio: 1.42x
   [+ 4h] 2026-07-21 11:00 | Close: 66317.9 | High: 66333.0 | Low: 66117.1 | dPrice: +0.24% | dOI: -0.40% | VolRatio: 0.84x
   [+ 5h] 2026-07-21 12:00 | Close: 66527.7 | High: 66618.0 | Low: 66236.0 | dPrice: +0.32% | dOI: +0.29% | VolRatio: 1.78x
   [+ 6h] 2026-07-21 13:00 | Close: 66748.8 | High: 66777.0 | Low: 66290.4 | dPrice: +0.33% | dOI: +0.01% | VolRatio: 2.67x

4️⃣ ЗАКРЫТИЕ ОРДЕРА (ТОЧКА Б):
   • Время выходя       : 2026-07-21 13:00 (продержали 6 часов)
   • Цена выхода        : 66724.32114999999
   • Причина закрытия   : TAKE_PROFIT
   • Чистый PnL         : +0.76% (с учетом комиссии)
--------------------------------------------------------------------------------------------------------


--------------------------------------------------------------------------------------------------------
ORDER #48 | LONG | SIGNAL: 🟢 BULLISH_IMPULSE | RESULT: ❌ LOSS (-0.58%)
--------------------------------------------------------------------------------------------------------
1️⃣ КОНТЕКСТ РЫНКА ДО СИГНАЛА (ПРЕДИСТОРИЯ):
   [HIST -3h] 2026-07-21 11:00 | Close: 66317.9 | dPrice: +0.24% | dOI: -0.40% | VolRatio: 0.84x
   [HIST -2h] 2026-07-21 12:00 | Close: 66527.7 | dPrice: +0.32% | dOI: +0.29% | VolRatio: 1.77x
   [HIST -1h] 2026-07-21 13:00 | Close: 66748.8 | dPrice: +0.33% | dOI: +0.01% | VolRatio: 2.64x

2️⃣ ТОЧКА ВХОДА (ТОЧКА А) И СОСТОЯНИЕ ИНДИКАТОРОВ:
   • Время входа        : 2026-07-21 14:00
   • Входная цена (Close): 66804.3
   • Take Profit        : 67305.33 | Stop Loss: 66470.28 (Риск: 0.5%)
   • Сигнальная свеча   : dPrice = +0.08%, dOI = +0.38%, VolRatio = 3.00x (от медианы)
   • Положение к EMA50  : ABOVE_EMA

3️⃣ РАЗВИТИЕ СИТУАЦИИ ВО ВРЕМЯ СДЕЛКИ (ПОСВЕЧНЫЙ МОНИТОРИНГ):
   [+ 1h] 2026-07-21 15:00 | Close: 66648.5 | High: 66804.4 | Low: 66487.9 | dPrice: -0.23% | dOI: +0.58% | VolRatio: 1.38x
   [+ 2h] 2026-07-21 16:00 | Close: 66507.1 | High: 66736.7 | Low: 66428.5 | dPrice: -0.21% | dOI: +0.28% | VolRatio: 0.91x

4️⃣ ЗАКРЫТИЕ ОРДЕРА (ТОЧКА Б):
   • Время выходя       : 2026-07-21 16:00 (продержали 2 часов)
   • Цена выхода        : 66470.2785
   • Причина закрытия   : STOP_LOSS
   • Чистый PnL         : -0.58% (с учетом комиссии)
--------------------------------------------------------------------------------------------------------


--------------------------------------------------------------------------------------------------------
ORDER #49 | LONG | SIGNAL: ⚡ SHORT_SQUEEZE | RESULT: ❌ LOSS (-0.58%)
--------------------------------------------------------------------------------------------------------
1️⃣ КОНТЕКСТ РЫНКА ДО СИГНАЛА (ПРЕДИСТОРИЯ):
   [HIST -3h] 2026-07-22 07:00 | Close: 65813.4 | dPrice: -0.14% | dOI: -0.31% | VolRatio: 1.40x
   [HIST -2h] 2026-07-22 08:00 | Close: 65953.5 | dPrice: +0.21% | dOI: -0.08% | VolRatio: 1.30x
   [HIST -1h] 2026-07-22 09:00 | Close: 65896.4 | dPrice: -0.09% | dOI: -0.26% | VolRatio: 0.72x

2️⃣ ТОЧКА ВХОДА (ТОЧКА А) И СОСТОЯНИЕ ИНДИКАТОРОВ:
   • Время входа        : 2026-07-22 10:00
   • Входная цена (Close): 66016.2
   • Take Profit        : 66511.32 | Stop Loss: 65686.12 (Риск: 0.5%)
   • Сигнальная свеча   : dPrice = +0.18%, dOI = -0.28%, VolRatio = 1.58x (от медианы)
   • Положение к EMA50  : ABOVE_EMA

3️⃣ РАЗВИТИЕ СИТУАЦИИ ВО ВРЕМЯ СДЕЛКИ (ПОСВЕЧНЫЙ МОНИТОРИНГ):
   [+ 1h] 2026-07-22 11:00 | Close: 65981.4 | High: 66057.9 | Low: 65872.1 | dPrice: -0.05% | dOI: +1.53% | VolRatio: 0.71x
   [+ 2h] 2026-07-22 12:00 | Close: 65604.2 | High: 65986.0 | Low: 65505.0 | dPrice: -0.57% | dOI: -0.19% | VolRatio: 1.74x

4️⃣ ЗАКРЫТИЕ ОРДЕРА (ТОЧКА Б):
   • Время выходя       : 2026-07-22 12:00 (продержали 2 часов)
   • Цена выхода        : 65686.11899999999
   • Причина закрытия   : STOP_LOSS
   • Чистый PnL         : -0.58% (с учетом комиссии)
--------------------------------------------------------------------------------------------------------


--------------------------------------------------------------------------------------------------------
ORDER #50 | LONG | SIGNAL: ⚡ SHORT_SQUEEZE | RESULT: ❌ LOSS (-0.28%)
--------------------------------------------------------------------------------------------------------
1️⃣ КОНТЕКСТ РЫНКА ДО СИГНАЛА (ПРЕДИСТОРИЯ):
   [HIST -3h] 2026-07-22 10:00 | Close: 66016.2 | dPrice: +0.18% | dOI: -0.28% | VolRatio: 1.58x
   [HIST -2h] 2026-07-22 11:00 | Close: 65981.4 | dPrice: -0.05% | dOI: +1.53% | VolRatio: 0.71x
   [HIST -1h] 2026-07-22 12:00 | Close: 65604.2 | dPrice: -0.57% | dOI: -0.19% | VolRatio: 1.74x

2️⃣ ТОЧКА ВХОДА (ТОЧКА А) И СОСТОЯНИЕ ИНДИКАТОРОВ:
   • Время входа        : 2026-07-22 13:00
   • Входная цена (Close): 65924.9
   • Take Profit        : 66563.85 | Stop Loss: 65498.93 (Риск: 0.65%)
   • Сигнальная свеча   : dPrice = +0.49%, dOI = -0.30%, VolRatio = 1.91x (от медианы)
   • Положение к EMA50  : ABOVE_EMA

3️⃣ РАЗВИТИЕ СИТУАЦИИ ВО ВРЕМЯ СДЕЛКИ (ПОСВЕЧНЫЙ МОНИТОРИНГ):
   [+ 1h] 2026-07-22 14:00 | Close: 65770.2 | High: 66190.4 | Low: 65556.3 | dPrice: -0.23% | dOI: -0.22% | VolRatio: 2.36x
   [+ 2h] 2026-07-22 15:00 | Close: 66014.8 | High: 66100.0 | Low: 65770.0 | dPrice: +0.37% | dOI: -0.30% | VolRatio: 1.53x
   [+ 3h] 2026-07-22 16:00 | Close: 66199.7 | High: 66363.6 | Low: 65877.0 | dPrice: +0.28% | dOI: -0.47% | VolRatio: 1.73x
   [+ 4h] 2026-07-22 17:00 | Close: 65997.5 | High: 66249.3 | Low: 65912.6 | dPrice: -0.31% | dOI: -0.11% | VolRatio: 0.85x
   [+ 5h] 2026-07-22 18:00 | Close: 65860.5 | High: 66052.8 | Low: 65701.2 | dPrice: -0.21% | dOI: -0.11% | VolRatio: 0.96x
   [+ 6h] 2026-07-22 19:00 | Close: 65891.1 | High: 65924.0 | Low: 65650.2 | dPrice: +0.05% | dOI: -0.29% | VolRatio: 0.71x
   [+ 7h] 2026-07-22 20:00 | Close: 65887.8 | High: 65954.3 | Low: 65753.0 | dPrice: -0.01% | dOI: -0.16% | VolRatio: 0.52x
   [+ 8h] 2026-07-22 21:00 | Close: 66034.5 | High: 66103.1 | Low: 65853.2 | dPrice: +0.22% | dOI: -0.02% | VolRatio: 0.49x
   [+ 9h] 2026-07-22 22:00 | Close: 66013.8 | High: 66046.0 | Low: 65891.8 | dPrice: -0.03% | dOI: -0.17% | VolRatio: 0.37x
   [+ 10h] 2026-07-22 23:00 | Close: 66082.0 | High: 66116.5 | Low: 65808.5 | dPrice: +0.10% | dOI: +0.01% | VolRatio: 0.50x
   [+ 11h] 2026-07-23 00:00 | Close: 66023.8 | High: 66284.1 | Low: 66020.0 | dPrice: -0.09% | dOI: -0.09% | VolRatio: 0.99x
   [+ 12h] 2026-07-23 01:00 | Close: 65793.8 | High: 66180.0 | Low: 65715.9 | dPrice: -0.35% | dOI: +0.31% | VolRatio: 1.20x

4️⃣ ЗАКРЫТИЕ ОРДЕРА (ТОЧКА Б):
   • Время выходя       : 2026-07-23 01:00 (продержали 12 часов)
   • Цена выхода        : 65793.8
   • Причина закрытия   : TIMEOUT
   • Чистый PnL         : -0.28% (с учетом комиссии)
--------------------------------------------------------------------------------------------------------


--------------------------------------------------------------------------------------------------------
ORDER #51 | SHORT | SIGNAL: 💥 LONG_LIQUIDATION | RESULT: ❌ LOSS (-0.38%)
--------------------------------------------------------------------------------------------------------
1️⃣ КОНТЕКСТ РЫНКА ДО СИГНАЛА (ПРЕДИСТОРИЯ):
   [HIST -3h] 2026-07-23 10:00 | Close: 65704.2 | dPrice: +0.15% | dOI: -0.17% | VolRatio: 0.64x
   [HIST -2h] 2026-07-23 11:00 | Close: 65525.4 | dPrice: -0.27% | dOI: +0.01% | VolRatio: 0.54x
   [HIST -1h] 2026-07-23 12:00 | Close: 65138.0 | dPrice: -0.59% | dOI: +0.14% | VolRatio: 3.53x

2️⃣ ТОЧКА ВХОДА (ТОЧКА А) И СОСТОЯНИЕ ИНДИКАТОРОВ:
   • Время входа        : 2026-07-23 13:00
   • Входная цена (Close): 64858.6
   • Take Profit        : 64274.64 | Stop Loss: 65247.91 (Риск: 0.6%)
   • Сигнальная свеча   : dPrice = -0.43%, dOI = -0.40%, VolRatio = 3.20x (от медианы)
   • Положение к EMA50  : BELOW_EMA

3️⃣ РАЗВИТИЕ СИТУАЦИИ ВО ВРЕМЯ СДЕЛКИ (ПОСВЕЧНЫЙ МОНИТОРИНГ):
   [+ 1h] 2026-07-23 14:00 | Close: 64884.6 | High: 65197.0 | Low: 64801.0 | dPrice: +0.04% | dOI: -0.07% | VolRatio: 2.65x
   [+ 2h] 2026-07-23 15:00 | Close: 64940.4 | High: 65003.6 | Low: 64696.2 | dPrice: +0.09% | dOI: +2.02% | VolRatio: 2.30x
   [+ 3h] 2026-07-23 16:00 | Close: 64731.4 | High: 64940.5 | Low: 64688.0 | dPrice: -0.32% | dOI: +0.78% | VolRatio: 1.06x
   [+ 4h] 2026-07-23 17:00 | Close: 64654.4 | High: 64877.6 | Low: 64636.0 | dPrice: -0.12% | dOI: -0.06% | VolRatio: 1.03x
   [+ 5h] 2026-07-23 18:00 | Close: 64842.5 | High: 64924.9 | Low: 64654.3 | dPrice: +0.29% | dOI: +0.34% | VolRatio: 0.75x
   [+ 6h] 2026-07-23 19:00 | Close: 64820.7 | High: 64908.1 | Low: 64670.0 | dPrice: -0.03% | dOI: -0.11% | VolRatio: 0.78x
   [+ 7h] 2026-07-23 20:00 | Close: 65117.7 | High: 65176.0 | Low: 64809.7 | dPrice: +0.46% | dOI: +0.10% | VolRatio: 1.24x
   [+ 8h] 2026-07-23 21:00 | Close: 65137.4 | High: 65183.1 | Low: 64979.9 | dPrice: +0.03% | dOI: -0.08% | VolRatio: 0.56x
   [+ 9h] 2026-07-23 22:00 | Close: 65158.2 | High: 65193.5 | Low: 64976.7 | dPrice: +0.03% | dOI: -0.28% | VolRatio: 0.68x
   [+ 10h] 2026-07-23 23:00 | Close: 65069.6 | High: 65189.5 | Low: 65018.8 | dPrice: -0.14% | dOI: +0.21% | VolRatio: 0.49x
   [+ 11h] 2026-07-24 00:00 | Close: 64953.1 | High: 65084.0 | Low: 64733.2 | dPrice: -0.18% | dOI: -0.04% | VolRatio: 1.10x
   [+ 12h] 2026-07-24 01:00 | Close: 65053.2 | High: 65146.4 | Low: 64912.4 | dPrice: +0.15% | dOI: +0.05% | VolRatio: 0.70x

4️⃣ ЗАКРЫТИЕ ОРДЕРА (ТОЧКА Б):
   • Время выходя       : 2026-07-24 01:00 (продержали 12 часов)
   • Цена выхода        : 65053.2
   • Причина закрытия   : TIMEOUT
   • Чистый PnL         : -0.38% (с учетом комиссии)
--------------------------------------------------------------------------------------------------------


--------------------------------------------------------------------------------------------------------
ORDER #52 | SHORT | SIGNAL: 🔴 BEARISH_IMPULSE | RESULT: ✅ PROFIT (+0.06%)
--------------------------------------------------------------------------------------------------------
1️⃣ КОНТЕКСТ РЫНКА ДО СИГНАЛА (ПРЕДИСТОРИЯ):
   [HIST -3h] 2026-07-24 10:00 | Close: 64927.8 | dPrice: -0.25% | dOI: +0.37% | VolRatio: 0.75x
   [HIST -2h] 2026-07-24 11:00 | Close: 65045.7 | dPrice: +0.18% | dOI: +0.24% | VolRatio: 0.91x
   [HIST -1h] 2026-07-24 12:00 | Close: 64746.6 | dPrice: -0.46% | dOI: +0.24% | VolRatio: 1.07x

2️⃣ ТОЧКА ВХОДА (ТОЧКА А) И СОСТОЯНИЕ ИНДИКАТОРОВ:
   • Время входа        : 2026-07-24 13:00
   • Входная цена (Close): 64129.1
   • Take Profit        : 63112.42 | Stop Loss: 64806.89 (Риск: 1.06%)
   • Сигнальная свеча   : dPrice = -0.95%, dOI = +0.28%, VolRatio = 6.62x (от медианы)
   • Положение к EMA50  : BELOW_EMA

3️⃣ РАЗВИТИЕ СИТУАЦИИ ВО ВРЕМЯ СДЕЛКИ (ПОСВЕЧНЫЙ МОНИТОРИНГ):
   [+ 1h] 2026-07-24 14:00 | Close: 64031.4 | High: 64170.0 | Low: 63666.0 | dPrice: -0.15% | dOI: +0.43% | VolRatio: 4.12x
   [+ 2h] 2026-07-24 15:00 | Close: 64065.1 | High: 64305.8 | Low: 63824.3 | dPrice: +0.05% | dOI: +0.75% | VolRatio: 3.48x
   [+ 3h] 2026-07-24 16:00 | Close: 63930.4 | High: 64176.5 | Low: 63854.3 | dPrice: -0.21% | dOI: +0.43% | VolRatio: 1.21x
   [+ 4h] 2026-07-24 17:00 | Close: 64154.9 | High: 64177.9 | Low: 63882.6 | dPrice: +0.35% | dOI: -0.10% | VolRatio: 0.83x
   [+ 5h] 2026-07-24 18:00 | Close: 64242.8 | High: 64262.3 | Low: 64104.1 | dPrice: +0.14% | dOI: +0.11% | VolRatio: 0.69x
   [+ 6h] 2026-07-24 19:00 | Close: 64199.5 | High: 64266.9 | Low: 64113.4 | dPrice: -0.07% | dOI: -0.11% | VolRatio: 0.57x
   [+ 7h] 2026-07-24 20:00 | Close: 64139.6 | High: 64260.1 | Low: 64105.0 | dPrice: -0.09% | dOI: -0.13% | VolRatio: 0.47x
   [+ 8h] 2026-07-24 21:00 | Close: 64112.2 | High: 64195.1 | Low: 64098.7 | dPrice: -0.04% | dOI: +0.16% | VolRatio: 0.41x
   [+ 9h] 2026-07-24 22:00 | Close: 64132.7 | High: 64187.6 | Low: 64098.7 | dPrice: +0.03% | dOI: -0.06% | VolRatio: 0.23x
   [+ 10h] 2026-07-24 23:00 | Close: 64116.5 | High: 64155.0 | Low: 64102.2 | dPrice: -0.03% | dOI: +0.07% | VolRatio: 0.22x
   [+ 11h] 2026-07-25 00:00 | Close: 64049.6 | High: 64155.0 | Low: 64005.4 | dPrice: -0.10% | dOI: -0.13% | VolRatio: 1.46x
   [+ 12h] 2026-07-25 01:00 | Close: 64039.2 | High: 64135.0 | Low: 63977.0 | dPrice: -0.02% | dOI: +1.90% | VolRatio: 0.48x

4️⃣ ЗАКРЫТИЕ ОРДЕРА (ТОЧКА Б):
   • Время выходя       : 2026-07-25 01:00 (продержали 12 часов)
   • Цена выхода        : 64039.2
   • Причина закрытия   : TIMEOUT
   • Чистый PnL         : +0.06% (с учетом комиссии)
--------------------------------------------------------------------------------------------------------


